group;word
Baby Foods;clif z bar
Baby Foods;babyfood
Baby Foods;finger snacks
Baby Foods;zwieback
Baby Foods;infant formula
Baby Foods;child formula
Baby Foods;toddler formula
Baby Foods;fluid replacement
Baby Foods;babyfood  dinner  chick stew  todd
Baby Foods;inf formula. mead johnson
Baby Foods;infformula
Baked Products;bagels
Baked Products;biscuits
Baked Products;bread
Baked Products;bread crumbs
Baked Products;bread sticks
Baked Products;bread stuffing
Baked Products;cake
Baked Products;coffeecake
Baked Products;cheesecake commercially prepared
Baked Products;cheesecake prepared from mix
Baked Products;cookies
Baked Products;puff pastry
Baked Products;crackers
Baked Products;cracker meal
Baked Products;cream puff shell
Baked Products;croissants
Baked Products;croutons
Baked Products;danish pastry
Baked Products;doughnuts
Baked Products;english muffins
Baked Products;french toast
Baked Products;hush puppies
Baked Products;ice cream cones
Baked Products;muffins
Baked Products;pancakes plain
Baked Products;pancakes
Baked Products;pie
Baked Products;pie crust
Baked Products;phyllo dough
Baked Products;popovers
Baked Products;rolls
Baked Products;strudel
Baked Products;sweet rolls
Baked Products;taco shells
Baked Products;toaster pastries
Baked Products;tortillas
Baked Products;waffles
Baked Products;wonton wrappers (includes egg roll wrappers)
Baked Products;leavening agents
Baked Products;breakfast tart
Baked Products;kellogg
Baked Products;kellogg's
Baked Products;kellogg's eggo lowfat blueberry nutri-grain waffles
Baked Products;archway home style cookies
Baked Products;artificial blueberry muffin mix
Baked Products;kraft
Baked Products;george weston bakeries
Baked Products;keebler
Baked Products;continental mills
Baked Products;mckee baking
Baked Products;martha white foods
Baked Products;mission foods
Baked Products;nabisco
Baked Products;pillsbury
Baked Products;pillsbury grands
Baked Products;pillsbury golden layer buttermilk biscuits
Baked Products;kraft foods
Baked Products;heinz
Baked Products;interstate brands corp
Baked Products;general mills
Baked Products;usda commodity
Baked Products;waffle
Baked Products;muffin
Baked Products;tostada shells
Baked Products;keikitos (muffins)
Baked Products;pan dulce
Baked Products;pastry
Baked Products;garlic bread
Baked Products;cinnamon buns
Baked Products;cream puff
Baked Products;focaccia
Baked Products;kashi
Baked Products;austin
Baked Products;barbara dee
Baked Products;bear naked
Baked Products;famous amos
Baked Products;girl scouts
Baked Products;jackson's
Baked Products;mother's
Baked Products;murray
Baked Products;sunshine
Baked Products;cookie
Baked Products;andrea's
Baked Products;crunchmaster
Baked Products;glutino
Baked Products;mary's gone crackers
Baked Products;pepperidge farm
Baked Products;rudi's
Baked Products;sage valley
Baked Products;schar
Baked Products;udi's
Baked Products;van's
Baked Products;krusteaz almond poppyseed muffin mix
Baked Products;brd
Beef Products;beef
Beef Products;usda commodity
Beef Products;beef composite
Beef Products;bf
Beef Products;bos taurus
Beverages;alcoholic beverage
Beverages;beverages
Beverages;carbonated beverage
Beverages;cocoa mix
Beverages;cranberry juice cocktail
Beverages;alcoholic beverages
Beverages;lemonade
Beverages;limeade
Beverages;malt beverage
Beverages;shake
Beverages;strawberry-flavor beverage mix
Beverages;water
Beverages;whiskey sour mix
Beverages;bev
Beverages;alcoholic bev distilled
Breakfast Cereals;cereals ready-to-eat
Breakfast Cereals;cereals
Breakfast Cereals;incaparina
Breakfast Cereals;millet
Cereal Grains and Pasta;amaranth grain
Cereal Grains and Pasta;arrowroot flour
Cereal Grains and Pasta;barley
Cereal Grains and Pasta;buckwheat
Cereal Grains and Pasta;buckwheat groats
Cereal Grains and Pasta;buckwheat flour
Cereal Grains and Pasta;bulgur
Cereal Grains and Pasta;corn grain
Cereal Grains and Pasta;corn bran
Cereal Grains and Pasta;corn flour
Cereal Grains and Pasta;cornmeal
Cereal Grains and Pasta;cornstarch
Cereal Grains and Pasta;couscous
Cereal Grains and Pasta;hominy
Cereal Grains and Pasta;millet
Cereal Grains and Pasta;oat bran
Cereal Grains and Pasta;quinoa
Cereal Grains and Pasta;rice
Cereal Grains and Pasta;oats
Cereal Grains and Pasta;rice bran
Cereal Grains and Pasta;rice flour
Cereal Grains and Pasta;rye grain
Cereal Grains and Pasta;rye flour
Cereal Grains and Pasta;semolina
Cereal Grains and Pasta;sorghum grain
Cereal Grains and Pasta;tapioca
Cereal Grains and Pasta;triticale
Cereal Grains and Pasta;triticale flour
Cereal Grains and Pasta;wheat
Cereal Grains and Pasta;wheat bran
Cereal Grains and Pasta;wheat germ
Cereal Grains and Pasta;wheat flour
Cereal Grains and Pasta;wild rice
Cereal Grains and Pasta;pasta
Cereal Grains and Pasta;macaroni
Cereal Grains and Pasta;noodles
Cereal Grains and Pasta;spaghetti
Cereal Grains and Pasta;wheat flours
Cereal Grains and Pasta;barley flour or meal
Cereal Grains and Pasta;barley malt flour
Cereal Grains and Pasta;oat flour
Cereal Grains and Pasta;rice noodles
Cereal Grains and Pasta;spelt
Cereal Grains and Pasta;teff
Cereal Grains and Pasta;millet flour
Cereal Grains and Pasta;sorghum flour
Cereal Grains and Pasta;vital wheat gluten
Cereal Grains and Pasta;amaranthus spp.
Cereal Grains and Pasta;hordeum vulgare l.
Cereal Grains and Pasta;fagopyrum esculentum moench
Cereal Grains and Pasta;zea mays mays l.
Cereal Grains and Pasta;panicum miliaceum l.
Cereal Grains and Pasta;chenopodium quinoa willd.
Cereal Grains and Pasta;oryza sativa l.
Cereal Grains and Pasta;avena sativa l.
Cereal Grains and Pasta;secale cereale l.
Cereal Grains and Pasta;sorghum spp.
Cereal Grains and Pasta;x triticosecale spp.
Cereal Grains and Pasta;triticum aestivum l.
Cereal Grains and Pasta;triticum durum desf.
Cereal Grains and Pasta;zizania spp.
Cereal Grains and Pasta;triticum turgidum subsp. turanicum (jakubz.)
Cereal Grains and Pasta;triticum aestivum l. subsp. spelta
Cereal Grains and Pasta;eragrostis tef (zuccagni) trotter
Dairy and Egg Products;butter
Dairy and Egg Products;butter oil
Dairy and Egg Products;cheese
Dairy and Egg Products;cheese food
Dairy and Egg Products;cheese spread
Dairy and Egg Products;cream
Dairy and Egg Products;eggnog
Dairy and Egg Products;sour dressing
Dairy and Egg Products;milk
Dairy and Egg Products;cream substitute
Dairy and Egg Products;dessert topping
Dairy and Egg Products;sour cream
Dairy and Egg Products;milk substitutes
Dairy and Egg Products;milk shakes
Dairy and Egg Products;whey
Dairy and Egg Products;yogurt
Dairy and Egg Products;egg
Dairy and Egg Products;egg substitute
Dairy and Egg Products;cheese substitute
Dairy and Egg Products;cheese sauce
Dairy and Egg Products;usda commodity
Dairy and Egg Products;parmesan cheese topping
Dairy and Egg Products;kraft cheez whiz pasteurized process cheese sauce
Dairy and Egg Products;kraft cheez whiz light pasteurized process cheese product
Dairy and Egg Products;kraft free singles american nonfat pasteurized process cheese product
Dairy and Egg Products;kraft velveeta pasteurized process cheese spread
Dairy and Egg Products;kraft velveeta light reduced fat pasteurized process cheese product
Dairy and Egg Products;kraft breakstone's reduced fat sour cream
Dairy and Egg Products;kraft breakstone's free fat free sour cream
Dairy and Egg Products;reddi wip fat free whipped topping
Dairy and Egg Products;egg mix
Dairy and Egg Products;cheese product
Dairy and Egg Products;protein supplement
Dairy and Egg Products;dulce de leche
Dairy and Egg Products;ice cream
Dairy and Egg Products;ice cream sandwich
Dairy and Egg Products;ice cream cookie sandwich
Dairy and Egg Products;ice cream cone
Dairy and Egg Products;fat free ice cream
Dairy and Egg Products;milk dessert bar
Dairy and Egg Products;nutritional supplement for people with diabetes
Dairy and Egg Products;ice cream bar
Dairy and Egg Products;kefir
Dairy and Egg Products;ice cream sundae cone
Dairy and Egg Products;light ice cream
Dairy and Egg Products;imitation cheese
Dairy and Egg Products;whipped topping
Dairy and Egg Products;beverage
Dairy and Egg Products;whipped cream substitute
Dairy and Egg Products;eggs
Fast Foods;fast foods
Fast Foods;side dishes
Fast Foods;burger king
Fast Foods;fast food
Fast Foods;chick-fil-a
Fast Foods;school lunch
Fast Foods;subway
Fast Foods;pizza
Fast Foods;mcdonald's
Fast Foods;wendy's
Fast Foods;taco bell
Fast Foods;pizza hut 12" cheese pizza
Fast Foods;pizza hut 12" pepperoni pizza
Fast Foods;pizza hut 12" super supreme pizza
Fast Foods;domino's 14" cheese pizza
Fast Foods;domino's 14" pepperoni pizza
Fast Foods;domino's 14" extravaganzza feast pizza
Fast Foods;papa john's 14" cheese pizza
Fast Foods;papa john's 14" pepperoni pizza
Fast Foods;papa john's 14" the works pizza
Fast Foods;little caesars 14" original round cheese pizza
Fast Foods;little caesars 14" original round pepperoni pizza
Fast Foods;little caesars 14" original round meat and vegetable pizza
Fast Foods;little caesars 14" cheese pizza
Fast Foods;little caesars 14" pepperoni pizza
Fast Foods;pizza hut 14" cheese pizza
Fast Foods;pizza hut 14" pepperoni pizza
Fast Foods;pizza hut 14" super supreme pizza
Fast Foods;mcdonald's bacon ranch salad with crispy chicken
Fast Foods;light ice cream
Fast Foods;popeyes
Fast Foods;kfc
Fast Foods;yogurt parfait
Fast Foods;digiorno pizza
Fast Foods;domino's 14" sausage pizza
Fast Foods;pizza hut 14" sausage pizza
Fast Foods;kashi pizza
Fast Foods;wend'ys
Fast Foods;morningstar farms pizza
Fast Foods;pizza hut
Fast Foods;arby's
Fast Foods;fast foods  biscuit  w/ egg
Fast Foods;breakfast items
Fast Foods;ft fds
Fast Foods;grilled chick
Fast Foods;crispy chick
Fats and Oils;fat
Fats and Oils;lard
Fats and Oils;salad dressing
Fats and Oils;sandwich spread
Fats and Oils;shortening
Fats and Oils;oil
Fats and Oils;margarine
Fats and Oils;margarine-like
Fats and Oils;vegetable oil
Fats and Oils;shortening bread
Fats and Oils;shortening cake mix
Fats and Oils;shortening industrial
Fats and Oils;shortening frying (heavy duty)
Fats and Oils;shortening confectionery
Fats and Oils;shortening household soybean (hydrogenated) and palm
Fats and Oils;fish oil
Fats and Oils;butter
Fats and Oils;meat drippings (lard
Fats and Oils;animal fat
Fats and Oils;margarine-like spread with yogurt
Fats and Oils;margarine spread
Fats and Oils;margarine-like shortening
Fats and Oils;usda commodity food
Fats and Oils;margarine-like spread
Fats and Oils;margarine-like vegetable-oil spread
Fats and Oils;dressing
Fats and Oils;mayonnaise
Fats and Oils;creamy dressing
Fats and Oils;vegetable oil-butter spread
Fats and Oils;butter replacement
Fats and Oils;mayonnaise dressing
Fats and Oils;veg oil sprd
Fats and Oils;veg-oil sprd
Finfish and Shellfish Products;fish
Finfish and Shellfish Products;crustaceans
Finfish and Shellfish Products;mollusks
Finfish and Shellfish Products;usda commodity
Finfish and Shellfish Products;salmon
Finfish and Shellfish Products;jellyfish
Finfish and Shellfish Products;frog legs
Finfish and Shellfish Products;turtle
Finfish and Shellfish Products;anchovy
Finfish and Shellfish Products;bass
Finfish and Shellfish Products;bluefish
Finfish and Shellfish Products;burbot
Finfish and Shellfish Products;butterfish
Finfish and Shellfish Products;carp
Finfish and Shellfish Products;catfish
Finfish and Shellfish Products;caviar
Finfish and Shellfish Products;cisco
Finfish and Shellfish Products;cod
Finfish and Shellfish Products;croaker
Finfish and Shellfish Products;cusk
Finfish and Shellfish Products;drum
Finfish and Shellfish Products;eel
Finfish and Shellfish Products;flatfish (flounder&sole sp)
Finfish and Shellfish Products;gefiltefish
Finfish and Shellfish Products;grouper
Finfish and Shellfish Products;haddock
Finfish and Shellfish Products;halibut
Finfish and Shellfish Products;herring
Finfish and Shellfish Products;ling
Finfish and Shellfish Products;lingcod
Finfish and Shellfish Products;mackerel
Finfish and Shellfish Products;milkfish
Finfish and Shellfish Products;monkfish
Finfish and Shellfish Products;mullet
Finfish and Shellfish Products;ocean perch
Finfish and Shellfish Products;pout
Finfish and Shellfish Products;perch
Finfish and Shellfish Products;pike
Finfish and Shellfish Products;pollock
Finfish and Shellfish Products;pompano
Finfish and Shellfish Products;rockfish
Finfish and Shellfish Products;roe
Finfish and Shellfish Products;roughy
Finfish and Shellfish Products;sablefish
Finfish and Shellfish Products;sardine
Finfish and Shellfish Products;scup
Finfish and Shellfish Products;sea bass
Finfish and Shellfish Products;seatrout
Finfish and Shellfish Products;shad
Finfish and Shellfish Products;shark
Finfish and Shellfish Products;sheepshead
Finfish and Shellfish Products;smelt
Finfish and Shellfish Products;snapper
Finfish and Shellfish Products;spot
Finfish and Shellfish Products;sturgeon
Finfish and Shellfish Products;sucker
Finfish and Shellfish Products;sunfish
Finfish and Shellfish Products;surimi
Finfish and Shellfish Products;swordfish
Finfish and Shellfish Products;tilefish
Finfish and Shellfish Products;trout
Finfish and Shellfish Products;tuna
Finfish and Shellfish Products;tuna salad
Finfish and Shellfish Products;turbot
Finfish and Shellfish Products;whitefish
Finfish and Shellfish Products;whiting
Finfish and Shellfish Products;wolffish
Finfish and Shellfish Products;yellowtail
Finfish and Shellfish Products;crab
Finfish and Shellfish Products;crayfish
Finfish and Shellfish Products;lobster
Finfish and Shellfish Products;shrimp
Finfish and Shellfish Products;spiny lobster
Finfish and Shellfish Products;abalone
Finfish and Shellfish Products;clam
Finfish and Shellfish Products;cuttlefish
Finfish and Shellfish Products;mussel
Finfish and Shellfish Products;octopus
Finfish and Shellfish Products;oyster
Finfish and Shellfish Products;scallop
Finfish and Shellfish Products;squid
Finfish and Shellfish Products;whelk
Finfish and Shellfish Products;conch
Finfish and Shellfish Products;snail
Finfish and Shellfish Products;engraulis encrasicholus (l.)
Finfish and Shellfish Products;percichthyidae and centrarchidae
Finfish and Shellfish Products;morone saxatilis (walbaum)
Finfish and Shellfish Products;pomatomus saltatrix (l.)
Finfish and Shellfish Products;lota lota (l.)
Finfish and Shellfish Products;peprilus triacanthus (peck)
Finfish and Shellfish Products;cyprinus carpio (l.)
Finfish and Shellfish Products;ictalurus punctatus (rafinesque)
Finfish and Shellfish Products;coregonus artedi lesueur
Finfish and Shellfish Products;gadus morhua (l.)
Finfish and Shellfish Products;gadus macrocephalus tilesius
Finfish and Shellfish Products;micropogonias undulatus (l.)
Finfish and Shellfish Products;brosme brosme (muller)
Finfish and Shellfish Products;coryphaena hippurus (l.)
Finfish and Shellfish Products;aplodinotus grunniens rafinesque
Finfish and Shellfish Products;anguilla spp.
Finfish and Shellfish Products;bothidae and pleuronectidae
Finfish and Shellfish Products;epinephelus spp.
Finfish and Shellfish Products;melanogrammus aeglefinus (l.)
Finfish and Shellfish Products;hippoglossus hippoglossus (l.) and h. stenolepis schmidt
Finfish and Shellfish Products;reinhardtius hippoglossoides (walbaum)
Finfish and Shellfish Products;clupea harengus harengus (l.)
Finfish and Shellfish Products;clupea harengus pallasi valenciennes
Finfish and Shellfish Products;molva molva (l.)
Finfish and Shellfish Products;ophiodon elongatus girard
Finfish and Shellfish Products;scomber scombrus l.
Finfish and Shellfish Products;trachurus symmetricus (ayers)
Finfish and Shellfish Products;scombermorus cavalla (cuvier)
Finfish and Shellfish Products;scomber spp. and trachurus spp.
Finfish and Shellfish Products;scombermorus maculatus (mitchill)
Finfish and Shellfish Products;chanos chanos (forskaal)
Finfish and Shellfish Products;lophius piscatorius l.
Finfish and Shellfish Products;mugil cephalus l.
Finfish and Shellfish Products;sebastes marinus l.
Finfish and Shellfish Products;macrozoarces americanus (schneider)
Finfish and Shellfish Products;morone americana gmelin and perca flavescens (mitchill)
Finfish and Shellfish Products;esox lucius l.
Finfish and Shellfish Products;stizostedion vitreum vitreum (mitchill)
Finfish and Shellfish Products;pollachius virens l.
Finfish and Shellfish Products;theragra chalcogramma (pallas)
Finfish and Shellfish Products;trachinotus carolinus (l.)
Finfish and Shellfish Products;sebastes spp.
Finfish and Shellfish Products;hoplostethus atlanticus
Finfish and Shellfish Products;anoplopoma fimbria (pallas)
Finfish and Shellfish Products;salmo salar l.
Finfish and Shellfish Products;oncorhynchus tshawytscha (walbaum)
Finfish and Shellfish Products;oncorhynchus keta (walbaum)
Finfish and Shellfish Products;oncorhynchus kisutch (walbaum)
Finfish and Shellfish Products;oncorhynchus gorbuscha (walbaum)
Finfish and Shellfish Products;clupea harengus harengus l.
Finfish and Shellfish Products;sardinops spp.
Finfish and Shellfish Products;stenotomus chrysops l.
Finfish and Shellfish Products;centropristes striata l. and lateolabrax japonicus (cuvier)
Finfish and Shellfish Products;cynoscion spp.
Finfish and Shellfish Products;alosa sapidissima (wilson)
Finfish and Shellfish Products;squaliformes
Finfish and Shellfish Products;archosargus probatocephalus (walbaum)
Finfish and Shellfish Products;osmerus mordax (mitchill)
Finfish and Shellfish Products;lutjanidae
Finfish and Shellfish Products;leiostomus xanthuras lacepede
Finfish and Shellfish Products;acipenser spp.
Finfish and Shellfish Products;catostomus commersoni (lacepede)
Finfish and Shellfish Products;lepomis gibbosus (l.)
Finfish and Shellfish Products;xiphias gladius l.
Finfish and Shellfish Products;lopholatilus chamaeleonticeps goode and bean
Finfish and Shellfish Products;salmonidae
Finfish and Shellfish Products;salmo gairdneri richardson
Finfish and Shellfish Products;thunnus thynnus (l.)
Finfish and Shellfish Products;euthynnus pelamis (l.)
Finfish and Shellfish Products;thunnus albacares (bonnaterre)
Finfish and Shellfish Products;scophthalmus maximus (l.)
Finfish and Shellfish Products;coregonus spp.
Finfish and Shellfish Products;gadidae
Finfish and Shellfish Products;anarhichas lupus (l.)
Finfish and Shellfish Products;seriola spp.
Finfish and Shellfish Products;paralithodes camtschatica (tilesius)
Finfish and Shellfish Products;callinectes sapidus rathbun
Finfish and Shellfish Products;cancer magister dana
Finfish and Shellfish Products;chionoectes opilio (o. fabricius)
Finfish and Shellfish Products;astacus, orconectes, and procambarus spp.
Finfish and Shellfish Products;homarus americanus milne-edwards
Finfish and Shellfish Products;penaeidae and pandalidae
Finfish and Shellfish Products;jasus spp. and panulirus spp.
Finfish and Shellfish Products;haliotis spp.
Finfish and Shellfish Products;lamellibranchia
Finfish and Shellfish Products;sepiidae
Finfish and Shellfish Products;mytilus edulis l.
Finfish and Shellfish Products;octopus vulgaris lamarck
Finfish and Shellfish Products;crassostrea virginica (gmelin)
Finfish and Shellfish Products;crassostrea gigas (thunberg)
Finfish and Shellfish Products;pectinidae
Finfish and Shellfish Products;loligoidae and ommastrephidae
Finfish and Shellfish Products;buccinidae
Fruits and Fruit Juices;acerola
Fruits and Fruit Juices;acerola juice
Fruits and Fruit Juices;apples
Fruits and Fruit Juices;apple juice
Fruits and Fruit Juices;applesauce
Fruits and Fruit Juices;apricots
Fruits and Fruit Juices;apricot nectar
Fruits and Fruit Juices;avocados
Fruits and Fruit Juices;bananas
Fruits and Fruit Juices;blackberries
Fruits and Fruit Juices;blackberry juice
Fruits and Fruit Juices;cherries
Fruits and Fruit Juices;blueberries
Fruits and Fruit Juices;boysenberries
Fruits and Fruit Juices;breadfruit
Fruits and Fruit Juices;carambola
Fruits and Fruit Juices;carissa
Fruits and Fruit Juices;cherimoya
Fruits and Fruit Juices;crabapples
Fruits and Fruit Juices;cranberries
Fruits and Fruit Juices;cranberry sauce
Fruits and Fruit Juices;cranberry-orange relish
Fruits and Fruit Juices;currants
Fruits and Fruit Juices;custard-apple
Fruits and Fruit Juices;dates
Fruits and Fruit Juices;elderberries
Fruits and Fruit Juices;figs
Fruits and Fruit Juices;fruit cocktail
Fruits and Fruit Juices;fruit salad
Fruits and Fruit Juices;gooseberries
Fruits and Fruit Juices;goji berries
Fruits and Fruit Juices;grapefruit
Fruits and Fruit Juices;grapefruit juice
Fruits and Fruit Juices;grapes
Fruits and Fruit Juices;grape juice
Fruits and Fruit Juices;groundcherries
Fruits and Fruit Juices;guavas
Fruits and Fruit Juices;guava sauce
Fruits and Fruit Juices;jackfruit
Fruits and Fruit Juices;java-plum
Fruits and Fruit Juices;jujube
Fruits and Fruit Juices;kiwifruit
Fruits and Fruit Juices;kumquats
Fruits and Fruit Juices;lemons
Fruits and Fruit Juices;lemon juice
Fruits and Fruit Juices;lemon juice from concentrate
Fruits and Fruit Juices;lemon peel
Fruits and Fruit Juices;limes
Fruits and Fruit Juices;lime juice
Fruits and Fruit Juices;litchis
Fruits and Fruit Juices;loganberries
Fruits and Fruit Juices;longans
Fruits and Fruit Juices;loquats
Fruits and Fruit Juices;mammy-apple
Fruits and Fruit Juices;mangos
Fruits and Fruit Juices;mangosteen
Fruits and Fruit Juices;mango
Fruits and Fruit Juices;melons
Fruits and Fruit Juices;melon balls
Fruits and Fruit Juices;mulberries
Fruits and Fruit Juices;nectarines
Fruits and Fruit Juices;oheloberries
Fruits and Fruit Juices;olives
Fruits and Fruit Juices;oranges
Fruits and Fruit Juices;orange juice
Fruits and Fruit Juices;orange peel
Fruits and Fruit Juices;orange-grapefruit juice
Fruits and Fruit Juices;tangerines
Fruits and Fruit Juices;tangerine juice
Fruits and Fruit Juices;papayas
Fruits and Fruit Juices;papaya
Fruits and Fruit Juices;papaya nectar
Fruits and Fruit Juices;passion-fruit
Fruits and Fruit Juices;passion-fruit juice
Fruits and Fruit Juices;peaches
Fruits and Fruit Juices;peach nectar
Fruits and Fruit Juices;pears
Fruits and Fruit Juices;pear nectar
Fruits and Fruit Juices;persimmons
Fruits and Fruit Juices;pineapple
Fruits and Fruit Juices;pineapple juice
Fruits and Fruit Juices;pitanga
Fruits and Fruit Juices;plantains
Fruits and Fruit Juices;plums
Fruits and Fruit Juices;pomegranates
Fruits and Fruit Juices;prickly pears
Fruits and Fruit Juices;prunes
Fruits and Fruit Juices;prune juice
Fruits and Fruit Juices;pummelo
Fruits and Fruit Juices;quinces
Fruits and Fruit Juices;raisins
Fruits and Fruit Juices;rambutan
Fruits and Fruit Juices;raspberries
Fruits and Fruit Juices;rhubarb
Fruits and Fruit Juices;roselle
Fruits and Fruit Juices;rose-apples
Fruits and Fruit Juices;sapodilla
Fruits and Fruit Juices;sapote
Fruits and Fruit Juices;soursop
Fruits and Fruit Juices;strawberries
Fruits and Fruit Juices;sugar-apples
Fruits and Fruit Juices;tamarinds
Fruits and Fruit Juices;watermelon
Fruits and Fruit Juices;maraschino cherries
Fruits and Fruit Juices;feijoa
Fruits and Fruit Juices;durian
Fruits and Fruit Juices;prune puree
Fruits and Fruit Juices;candied fruit
Fruits and Fruit Juices;abiyuch
Fruits and Fruit Juices;rowal
Fruits and Fruit Juices;usda commodity
Fruits and Fruit Juices;clementines
Fruits and Fruit Juices;guanabana nectar
Fruits and Fruit Juices;guava nectar
Fruits and Fruit Juices;mango nectar
Fruits and Fruit Juices;tamarind nectar
Fruits and Fruit Juices;usda commodity peaches
Fruits and Fruit Juices;usda commodity pears
Fruits and Fruit Juices;pomegranate juice
Fruits and Fruit Juices;juice
Fruits and Fruit Juices;nance
Fruits and Fruit Juices;naranjilla (lulo) pulp
Fruits and Fruit Juices;horned melon (kiwano)
Fruits and Fruit Juices;orange pineapple juice blend
Fruits and Fruit Juices;fruit juice smoothie
Fruits and Fruit Juices;cranberry juice blend
Fruits and Fruit Juices;ruby red grapefruit juice blend (grapefruit
Fruits and Fruit Juices;cranberry juice
Fruits and Fruit Juices;malpighia emarginata
Fruits and Fruit Juices;malus domestica
Fruits and Fruit Juices;prunus armeniaca
Fruits and Fruit Juices;persea americana
Fruits and Fruit Juices;musa acuminata colla
Fruits and Fruit Juices;rubus spp.
Fruits and Fruit Juices;vaccinium spp.
Fruits and Fruit Juices;rubus ursinus var. loganobaccus
Fruits and Fruit Juices;artocarpus altilis
Fruits and Fruit Juices;averrhoa carambola
Fruits and Fruit Juices;carissa macrocarpa
Fruits and Fruit Juices;annona cherimola
Fruits and Fruit Juices;prunus cerasus
Fruits and Fruit Juices;prunus avium
Fruits and Fruit Juices;malus spp.
Fruits and Fruit Juices;vaccinium macrocarpon
Fruits and Fruit Juices;ribes nigrum
Fruits and Fruit Juices;ribes rubrum
Fruits and Fruit Juices;vitis vinifera
Fruits and Fruit Juices;annona reticulata
Fruits and Fruit Juices;phoenix dactylifera
Fruits and Fruit Juices;sambucus spp.
Fruits and Fruit Juices;ficus carica
Fruits and Fruit Juices;ribes spp.
Fruits and Fruit Juices;lycium barbarum l.
Fruits and Fruit Juices;citrus paradisi
Fruits and Fruit Juices;vitis rotundifolia
Fruits and Fruit Juices;vitis spp.
Fruits and Fruit Juices;physalis spp.
Fruits and Fruit Juices;psidium guajava
Fruits and Fruit Juices;psidium cattleianum
Fruits and Fruit Juices;artocarpus heterophyllus
Fruits and Fruit Juices;syzygium cumini
Fruits and Fruit Juices;ziziphus jujuba
Fruits and Fruit Juices;actinidia deliciosa
Fruits and Fruit Juices;fortunella spp.
Fruits and Fruit Juices;citrus limon
Fruits and Fruit Juices;citrus latifolia
Fruits and Fruit Juices;litchi chinensis
Fruits and Fruit Juices;dimocarpus longan
Fruits and Fruit Juices;eriobotrya japonica
Fruits and Fruit Juices;mammea americana
Fruits and Fruit Juices;mangifera indica
Fruits and Fruit Juices;garcinia mangostana
Fruits and Fruit Juices;cucumis melo
Fruits and Fruit Juices;morus nigra
Fruits and Fruit Juices;prunus persica var. nucipersica
Fruits and Fruit Juices;vaccinium reticulatum
Fruits and Fruit Juices;olea europaea
Fruits and Fruit Juices;citrus sinensis
Fruits and Fruit Juices;citrus reticulata
Fruits and Fruit Juices;carica papaya
Fruits and Fruit Juices;passiflora edulis
Fruits and Fruit Juices;passiflora edulis f. flavicarpa
Fruits and Fruit Juices;prunus persica
Fruits and Fruit Juices;pyrus communis
Fruits and Fruit Juices;diospyros kaki
Fruits and Fruit Juices;diospyros virginiana
Fruits and Fruit Juices;ananas comosus
Fruits and Fruit Juices;eugenia uniflora
Fruits and Fruit Juices;musa x paradisiaca
Fruits and Fruit Juices;prunus spp.
Fruits and Fruit Juices;punica granatum
Fruits and Fruit Juices;opuntia spp.
Fruits and Fruit Juices;prunus domestica
Fruits and Fruit Juices;citrus maxima
Fruits and Fruit Juices;cydonia oblonga
Fruits and Fruit Juices;nephelium lappaceum
Fruits and Fruit Juices;rheum rhabarbarum
Fruits and Fruit Juices;hibiscus sabdariffa
Fruits and Fruit Juices;syzygium jambos
Fruits and Fruit Juices;manilkara zapota
Fruits and Fruit Juices;pouteria sapota
Fruits and Fruit Juices;annona muricata
Fruits and Fruit Juices;fragaria x ananassa
Fruits and Fruit Juices;annona squamosa
Fruits and Fruit Juices;tamarindus indica
Fruits and Fruit Juices;citrullus lanatus
Fruits and Fruit Juices;acca sellowiana
Fruits and Fruit Juices;pyrus pyrifolia (burman f.) nakai
Fruits and Fruit Juices;durio zibethinus
Fruits and Fruit Juices;crateva religiosa
Fruits and Fruit Juices;pangium edule
Fruits and Fruit Juices;citrus clementina hort. ex tanaka
Fruits and Fruit Juices;byrsonima crassifolia (l.) kunth
Fruits and Fruit Juices;solanum quitoense lam.
Fruits and Fruit Juices;cucumis metulifer
Fruits and Fruit Juices;actinidia chinensis zesy002 (gold3)
Lamb, Veal, and Game Products;veal
Lamb, Veal, and Game Products;lamb
Lamb, Veal, and Game Products;game meat
Lamb, Veal, and Game Products;bison
Lamb, Veal, and Game Products;goat
Lamb, Veal, and Game Products;game meat 
Lamb, Veal, and Game Products;ovis aries
Lamb, Veal, and Game Products;bos taurus
Lamb, Veal, and Game Products;antilocapra americana, bosephalus tragocamelus
Lamb, Veal, and Game Products;ursus arctos, euarctos spp.
Lamb, Veal, and Game Products;bison bison
Lamb, Veal, and Game Products;castor canadensis
Lamb, Veal, and Game Products;sus scrofa
Lamb, Veal, and Game Products;bubalus bubalis
Lamb, Veal, and Game Products;rangifer spp.
Lamb, Veal, and Game Products;odocoileus spp.
Lamb, Veal, and Game Products;cervus elaphyus
Lamb, Veal, and Game Products;equus caballus
Lamb, Veal, and Game Products;alces alces
Lamb, Veal, and Game Products;ondatra zibethica
Lamb, Veal, and Game Products;didelphis virginiana
Lamb, Veal, and Game Products;oryctolagus spp.
Lamb, Veal, and Game Products;sylvilagus spp., oryctolagus spp.
Lamb, Veal, and Game Products;procyon lotor
Lamb, Veal, and Game Products;sciuridae
Lamb, Veal, and Game Products;cervus elaphus
Lamb, Veal, and Game Products;cervus elaphus, dama dama
Legumes and Legume Products;beans
Legumes and Legume Products;yokan
Legumes and Legume Products;broadbeans (fava beans)
Legumes and Legume Products;carob flour
Legumes and Legume Products;chickpeas (garbanzo beans
Legumes and Legume Products;chili with beans
Legumes and Legume Products;cowpeas
Legumes and Legume Products;hyacinth beans
Legumes and Legume Products;lentils
Legumes and Legume Products;lima beans
Legumes and Legume Products;lupins
Legumes and Legume Products;mothbeans
Legumes and Legume Products;mung beans
Legumes and Legume Products;noodles
Legumes and Legume Products;mungo beans
Legumes and Legume Products;peas
Legumes and Legume Products;peanuts
Legumes and Legume Products;peanut butter
Legumes and Legume Products;peanut flour
Legumes and Legume Products;pigeon peas (red gram)
Legumes and Legume Products;refried beans
Legumes and Legume Products;bacon
Legumes and Legume Products;meat extender
Legumes and Legume Products;sausage
Legumes and Legume Products;soybeans
Legumes and Legume Products;miso
Legumes and Legume Products;natto
Legumes and Legume Products;tempeh
Legumes and Legume Products;soy flour
Legumes and Legume Products;soy meal
Legumes and Legume Products;soymilk
Legumes and Legume Products;soy protein concentrate
Legumes and Legume Products;soy protein isolate
Legumes and Legume Products;soy sauce made from soy and wheat (shoyu)
Legumes and Legume Products;soy sauce made from soy (tamari)
Legumes and Legume Products;soy sauce made from hydrolyzed vegetable protein
Legumes and Legume Products;tofu
Legumes and Legume Products;okara
Legumes and Legume Products;yardlong beans
Legumes and Legume Products;winged beans
Legumes and Legume Products;hummus
Legumes and Legume Products;falafel
Legumes and Legume Products;veggie burgers or soyburgers
Legumes and Legume Products;peanut spread
Legumes and Legume Products;chickpea flour (besan)
Legumes and Legume Products;mori-nu
Legumes and Legume Products;usda commodity
Legumes and Legume Products;frijoles rojos volteados (refried beans
Legumes and Legume Products;campbell's brown sugar and bacon flavored baked beans
Legumes and Legume Products;campbell's pork and beans
Legumes and Legume Products;pace
Legumes and Legume Products;vitasoy usa
Legumes and Legume Products;soymilk (all flavors)
Legumes and Legume Products;silk plain
Legumes and Legume Products;silk vanilla
Legumes and Legume Products;silk chocolate
Legumes and Legume Products;silk light plain
Legumes and Legume Products;silk light vanilla
Legumes and Legume Products;silk light chocolate
Legumes and Legume Products;silk plus omega-3 dha
Legumes and Legume Products;silk plus for bone health
Legumes and Legume Products;silk plus fiber
Legumes and Legume Products;silk unsweetened
Legumes and Legume Products;silk very vanilla
Legumes and Legume Products;silk nog
Legumes and Legume Products;silk chai
Legumes and Legume Products;silk mocha
Legumes and Legume Products;silk coffee
Legumes and Legume Products;silk vanilla soy yogurt (family size)
Legumes and Legume Products;silk vanilla soy yogurt (single serving size)
Legumes and Legume Products;silk plain soy yogurt
Legumes and Legume Products;silk strawberry soy yogurt
Legumes and Legume Products;silk raspberry soy yogurt
Legumes and Legume Products;silk peach soy yogurt
Legumes and Legume Products;silk black cherry soy yogurt
Legumes and Legume Products;silk blueberry soy yogurt
Legumes and Legume Products;silk key lime soy yogurt
Legumes and Legume Products;silk banana-strawberry soy yogurt
Legumes and Legume Products;silk original creamer
Legumes and Legume Products;silk french vanilla creamer
Legumes and Legume Products;silk hazelnut creamer
Legumes and Legume Products;vitasoy usa organic nasoya
Legumes and Legume Products;vitasoy usa nasoya
Legumes and Legume Products;vitasoy usa organic nasoya sprouted
Legumes and Legume Products;vitasoy usa azumaya
Legumes and Legume Products;house foods premium soft tofu
Legumes and Legume Products;house foods premium firm tofu
Legumes and Legume Products;peanut butter with omega-3
Legumes and Legume Products;soy sauce
Legumes and Legume Products;loma linda little links
Legumes and Legume Products;loma linda low fat big franks
Legumes and Legume Products;loma linda tender rounds with gravy
Legumes and Legume Products;loma linda swiss stake with gravy
Legumes and Legume Products;loma linda vege-burger
Legumes and Legume Products;loma linda redi-burger
Legumes and Legume Products;loma linda tender bits
Legumes and Legume Products;loma linda linketts
Legumes and Legume Products;worthington chili
Legumes and Legume Products;worthington choplets
Legumes and Legume Products;worthington diced chik
Legumes and Legume Products;worthington frichik original
Legumes and Legume Products;worthington low fat fri chik
Legumes and Legume Products;worthington low fat veja-links
Legumes and Legume Products;worthington multigrain cutlets
Legumes and Legume Products;worthington prime stakes
Legumes and Legume Products;worthington saucettes
Legumes and Legume Products;worthington super links
Legumes and Legume Products;worthington vegetable skallops
Legumes and Legume Products;worthington vegetable steaks
Legumes and Legume Products;worthington vegetarian burger
Legumes and Legume Products;worthington veja-links
Legumes and Legume Products;worthington chic-ketts
Legumes and Legume Products;worthington meatless chicken roll
Legumes and Legume Products;worthington meatless corned beef roll
Legumes and Legume Products;worthington dinner roast
Legumes and Legume Products;worthington fripats
Legumes and Legume Products;worthington prosage links
Legumes and Legume Products;worthington prosage roll
Legumes and Legume Products;worthington smoked turkey roll
Legumes and Legume Products;worthington stakelets
Legumes and Legume Products;worthington stripples
Legumes and Legume Products;worthington wham (roll)
Legumes and Legume Products;morningstar farms breakfast pattie with organic soy
Legumes and Legume Products;morningstar farms breakfast bacon strips
Legumes and Legume Products;morningstar farms breakfast sausage links
Legumes and Legume Products;morningstar farms grillers original
Legumes and Legume Products;morningstar farms grillers prime
Legumes and Legume Products;morningstar farms asian veggie patties
Legumes and Legume Products;morningstar farms mushroom lover's burger
Legumes and Legume Products;morningstar farms tomato & basil pizza burger
Legumes and Legume Products;morningstar farms buffalo wings
Legumes and Legume Products;morningstar farms chik'n nuggets
Legumes and Legume Products;morningstar farms chik patties
Legumes and Legume Products;morningstar farms italian herb chik'n pattie
Legumes and Legume Products;morningstar farms corn dog
Legumes and Legume Products;morningstar farms corn dog mini
Legumes and Legume Products;morningstar farms sausage style recipe crumbles
Legumes and Legume Products;gardenburger black bean chipotle burger
Legumes and Legume Products;gardenburger original
Legumes and Legume Products;gardenburger flame grilled burger
Legumes and Legume Products;gardenburger savory portabella veggie burger
Legumes and Legume Products;gardenburger sun-dried tomato basil burger
Legumes and Legume Products;gardenburger veggie medley burger
Legumes and Legume Products;morningstar farms breakfast sausage patties maple flavored
Legumes and Legume Products;morningstar farms chik'n grill veggie patties
Legumes and Legume Products;morningstar farms bbq riblets
Legumes and Legume Products;worthington leanies
Legumes and Legume Products;morningstar farms california turk'y burger
Legumes and Legume Products;morningstar farms hot and spicy veggie sausage patties
Legumes and Legume Products;morningstar farms lasagna with veggie sausage
Legumes and Legume Products;morningstar farms grillers quarter pound veggie burger
Legumes and Legume Products;morningstar farms sesame chik'n entree
Legumes and Legume Products;morningstar farms grillers chik'n veggie patties
Legumes and Legume Products;morningstar farms meal starters veggie meatballs
Legumes and Legume Products;morningstar farms breakfast biscuit sausage
Legumes and Legume Products;morningstar farms mediterranean chickpea
Legumes and Legume Products;morningstar farms buffalo chik patties
Legumes and Legume Products;morningstar farms chik patties original
Legumes and Legume Products;morningstar farms breakfast pattie
Legumes and Legume Products;morningstar farms roasted garlic & quinoa burger
Legumes and Legume Products;morningstar farms parmesan garlic wings
Legumes and Legume Products;morningstar farms breakfast sandwich veggie sausage egg & cheese english muffin
Legumes and Legume Products;morningstar farms breakfast sandwich veggie scramble & cheese english muffin
Legumes and Legume Products;morningstar farms chipotle black bean crumbles
Legumes and Legume Products;morningstar farms garden veggie nuggets
Legumes and Legume Products;morningstar farms spicy black bean enchilada entree
Legumes and Legume Products;morningstar farms spicy indian veggie burger
Legumes and Legume Products;morningstar farms tuscan greens & beans
Legumes and Legume Products;morningstar farms garden veggie patties
Legumes and Legume Products;morningstar farms veggie dog
Legumes and Legume Products;morningstar farms grillers burger style recipe crumbles
Legumes and Legume Products;morningstar farms grillers vegan
Legumes and Legume Products;morningstar farms breakfast sausage patties
Legumes and Legume Products;morningstar farms spicy black bean burger
Legumes and Legume Products;loma linda big franks
Legumes and Legume Products;papad
Legumes and Legume Products;vermicelli
Legumes and Legume Products;chicken
Legumes and Legume Products;frankfurter
Legumes and Legume Products;luncheon slices
Legumes and Legume Products;meatballs
Legumes and Legume Products;vegetarian fillets
Legumes and Legume Products;sandwich spread
Legumes and Legume Products;vegetarian meatloaf or patties
Legumes and Legume Products;bacon bits
Legumes and Legume Products;soybean
Legumes and Legume Products;tofu yogurt
Legumes and Legume Products;chickpeas 
Legumes and Legume Products;soy sau made from hydrolyzed veg prot
Legumes and Legume Products;vitasoy usa  organic nasoya silken tofu
Legumes and Legume Products;chickpeas
Legumes and Legume Products;mornngstr frms brkfst sndwch ssge egg&chs eng muff
Legumes and Legume Products;mornngstr frms brkfst sndwch scrmbl&chs eng muff
Legumes and Legume Products;worthington foods
Legumes and Legume Products;vigna angularis
Legumes and Legume Products;phaseolus vulgaris
Legumes and Legume Products;vicia faba
Legumes and Legume Products;ceratonia siliqua
Legumes and Legume Products;cicer arietinum
Legumes and Legume Products;vigna unguiculata subsp. cylindrica
Legumes and Legume Products;vigna unguiculata subsp. unguiculata
Legumes and Legume Products;dolichos purpureus
Legumes and Legume Products;lens culinaris
Legumes and Legume Products;phaseolus lunatus
Legumes and Legume Products;lupinus albus
Legumes and Legume Products;vigna aconitifolia
Legumes and Legume Products;vigna radiata
Legumes and Legume Products;vigna mungo
Legumes and Legume Products;pisum sativum
Legumes and Legume Products;arachis hypogaea
Legumes and Legume Products;cajanus cajan
Legumes and Legume Products;vigna uniguiculata subsp. sesquipedalis
Legumes and Legume Products;psophocarpus tetragonolobus
Meals, Entrees, and Side Dishes;macaroni and cheese
Meals, Entrees, and Side Dishes;spaghetti with meat sauce
Meals, Entrees, and Side Dishes;beef macaroni with tomato sauce
Meals, Entrees, and Side Dishes;pasta with sliced franks in tomato sauce
Meals, Entrees, and Side Dishes;turkey pot pie
Meals, Entrees, and Side Dishes;beef pot pie
Meals, Entrees, and Side Dishes;hot pockets
Meals, Entrees, and Side Dishes;hot pockets ham 'n cheese stuffed sandwich
Meals, Entrees, and Side Dishes;ravioli
Meals, Entrees, and Side Dishes;tortellini
Meals, Entrees, and Side Dishes;chili con carne with beans
Meals, Entrees, and Side Dishes;beef stew
Meals, Entrees, and Side Dishes;chicken pot pie
Meals, Entrees, and Side Dishes;beef
Meals, Entrees, and Side Dishes;lasagna
Meals, Entrees, and Side Dishes;chili
Meals, Entrees, and Side Dishes;spaghetti
Meals, Entrees, and Side Dishes;pasta with tomato sauce
Meals, Entrees, and Side Dishes;lasagna with meat & sauce
Meals, Entrees, and Side Dishes;burrito
Meals, Entrees, and Side Dishes;spaghettios
Meals, Entrees, and Side Dishes;supper bakes meal kits
Meals, Entrees, and Side Dishes;swanson
Meals, Entrees, and Side Dishes;egg rolls
Meals, Entrees, and Side Dishes;turkey
Meals, Entrees, and Side Dishes;rice bowl with chicken
Meals, Entrees, and Side Dishes;macaroni and cheese dinner with dry sauce mix
Meals, Entrees, and Side Dishes;lean pockets
Meals, Entrees, and Side Dishes;chili with beans
Meals, Entrees, and Side Dishes;potato salad with egg
Meals, Entrees, and Side Dishes;pulled pork in barbecue sauce
Meals, Entrees, and Side Dishes;corn dogs
Meals, Entrees, and Side Dishes;chicken
Meals, Entrees, and Side Dishes;lasagna with meat sauce
Meals, Entrees, and Side Dishes;chicken tenders
Meals, Entrees, and Side Dishes;kashi black bean mango
Meals, Entrees, and Side Dishes;kashi
Meals, Entrees, and Side Dishes;kashi mayan harvest bake
Meals, Entrees, and Side Dishes;kashi pesto pasta primavera
Meals, Entrees, and Side Dishes;kashi spicy black bean enchilada
Meals, Entrees, and Side Dishes;kashi spinach artichoke pasta
Meals, Entrees, and Side Dishes;kashi three cheese penne
Meals, Entrees, and Side Dishes;rice and vermicelli mix
Meals, Entrees, and Side Dishes;taquitos
Meals, Entrees, and Side Dishes;pasta mix
Meals, Entrees, and Side Dishes;yellow rice with seasoning
Meals, Entrees, and Side Dishes;pizza rolls
Meals, Entrees, and Side Dishes;potsticker or wonton
Meals, Entrees, and Side Dishes;macaroni or noodles with cheese
Meals, Entrees, and Side Dishes;turnover
Meals, Entrees, and Side Dishes;spanish rice mix
Meals, Entrees, and Side Dishes;kashi three cheese ravioli with mediterranean tomato sauce
Meals, Entrees, and Side Dishes;kashi mushroom & asparagus risotto
Meals, Entrees, and Side Dishes;rice mix
Meals, Entrees, and Side Dishes;dumpling
Meals, Entrees, and Side Dishes;kashi italian vegetable medley pasta
Meals, Entrees, and Side Dishes;salisbury steak with gravy
Meals, Entrees, and Side Dishes;sausage
Meals, Entrees, and Side Dishes;hungry man
Meals, Entrees, and Side Dishes;banquet
Meals, Entrees, and Side Dishes;jimmy dean
Meals, Entrees, and Side Dishes;campbell's
Meals, Entrees, and Side Dishes;tky
Meals, Entrees, and Side Dishes;macaroni & chs dinner w/ dry sau mix
Meals, Entrees, and Side Dishes;mac & chs
Nut and Seed Products;seeds
Nut and Seed Products;nuts
Nut and Seed Products;breadfruit seeds
Nut and Seed Products;chia seeds
Nut and Seed Products;cottonseed flr
Nut and Seed Products;cottonseed meal
Nut and Seed Products;lotus seeds
Nut and Seed Products;pumpkin&squash sd krnls
Nut and Seed Products;safflower sd krnls
Nut and Seed Products;safflower sd meal
Nut and Seed Products;sesame seeds
Nut and Seed Products;sesame sd krnls
Nut and Seed Products;sesame flr
Nut and Seed Products;sesame flour
Nut and Seed Products;sesame meal
Nut and Seed Products;sunflower sd krnls
Nut and Seed Products;sunflower sd butter
Nut and Seed Products;sunflower sd flr
Nut and Seed Products;acorns
Nut and Seed Products;acorn flour
Nut and Seed Products;almonds
Nut and Seed Products;almond paste
Nut and Seed Products;beechnuts
Nut and Seed Products;brazilnuts
Nut and Seed Products;butternuts
Nut and Seed Products;cashew nuts
Nut and Seed Products;cashew butter
Nut and Seed Products;chestnuts
Nut and Seed Products;coconut meat
Nut and Seed Products;coconut crm
Nut and Seed Products;coconut milk
Nut and Seed Products;coconut h2o (liq from coconuts)
Nut and Seed Products;hazelnuts or filberts
Nut and Seed Products;ginkgo nuts
Nut and Seed Products;hickorynuts
Nut and Seed Products;macadamia nuts
Nut and Seed Products;mixed nuts
Nut and Seed Products;formulated
Nut and Seed Products;pecans
Nut and Seed Products;pine nuts
Nut and Seed Products;pistachio nuts
Nut and Seed Products;walnuts
Nut and Seed Products;cottonseed krnls
Nut and Seed Products;pumpkin&squash seeds
Nut and Seed Products;sesame butter
Nut and Seed Products;watermelon sd krnls
Nut and Seed Products;sisymbrium sp. seeds
Nut and Seed Products;almond butter
Nut and Seed Products;artocarpus altilis
Nut and Seed Products;brosimum alicastrum
Nut and Seed Products;salvia hispanica
Nut and Seed Products;cannabis sativa l.
Nut and Seed Products;carthamus tinctorius
Nut and Seed Products;sesamum indicum
Nut and Seed Products;helianthus annuus
Nut and Seed Products;quercus spp.
Nut and Seed Products;prunus dulcis
Nut and Seed Products;fagus spp.
Nut and Seed Products;bertholletia excelsa
Nut and Seed Products;juglans cinerea
Nut and Seed Products;anacardium occidentale
Nut and Seed Products;castanea mollissima
Nut and Seed Products;castanea sativa
Nut and Seed Products;cocos nucifera
Nut and Seed Products;corylus spp.
Nut and Seed Products;ginkgo biloba
Nut and Seed Products;carya spp.
Nut and Seed Products;macadamia integrifolia, m. tetraphylla
Nut and Seed Products;carya illinoinensis
Nut and Seed Products;canarium ovatum
Nut and Seed Products;pinus spp.
Nut and Seed Products;pinus edulis
Nut and Seed Products;pistacia vera
Nut and Seed Products;juglans nigra
Nut and Seed Products;juglans regia
Nut and Seed Products;gossypium spp.
Nut and Seed Products;cucurbita spp.
Nut and Seed Products;citrullus lanatus
Nut and Seed Products;sisymbrium spp.
Nut and Seed Products;castanea crenata
Nut and Seed Products;nelumbo spp.
Nut and Seed Products;linum usitatissimum
Pork Products;pork
Pork Products;canadian bacon
Pork Products;usda commodity
Pork Products;hormel
Pork Products;hormel always tender
Pork Products;hormel canadian style bacon
Pork Products;pork loin
Pork Products;bacon
Pork Products;pork  frsh  loin  tenderloin   ln only  raw
Pork Products;suidae domesticus
Poultry Products;chicken
Poultry Products;canada goose
Poultry Products;duck
Poultry Products;goose
Poultry Products;guinea hen
Poultry Products;pheasant
Poultry Products;quail
Poultry Products;squab
Poultry Products;turkey
Poultry Products;turkey from whole
Poultry Products;pate de foie gras
Poultry Products;turkey and gravy
Poultry Products;turkey breast
Poultry Products;turkey thigh
Poultry Products;turkey roast
Poultry Products;turkey sticks
Poultry Products;poultry
Poultry Products;ground turkey
Poultry Products;chicken patty
Poultry Products;chicken breast tenders
Poultry Products;usda commodity chicken
Poultry Products;usda commodity
Poultry Products;ruffed grouse
Poultry Products;emu
Poultry Products;ostrich
Poultry Products;dove
Poultry Products;ckn
Poultry Products;gallus gallus
Poultry Products;branta canadensis
Poultry Products;anas platyrhynchos
Poultry Products;anser anser
Poultry Products;numida meleagris
Poultry Products;phasianus colchicus
Poultry Products;coturnix spp. and colinus spp.
Poultry Products;columba spp.
Poultry Products;bonasa umbellus
Poultry Products;dromaius novaehollandiae
Poultry Products;struthio camelus
Restaurant Foods;applebee's
Restaurant Foods;t.g.i. friday's
Restaurant Foods;restaurant
Restaurant Foods;cracker barrel
Restaurant Foods;denny's
Restaurant Foods;olive garden
Restaurant Foods;carrabba's italian grill
Restaurant Foods;on the border
Restaurant Foods;rest
Sausages and Luncheon Meats;barbecue loaf
Sausages and Luncheon Meats;beerwurst
Sausages and Luncheon Meats;sausage
Sausages and Luncheon Meats;blood sausage
Sausages and Luncheon Meats;bockwurst
Sausages and Luncheon Meats;bologna
Sausages and Luncheon Meats;bratwurst
Sausages and Luncheon Meats;braunschweiger (a liver sausage)
Sausages and Luncheon Meats;brotwurst
Sausages and Luncheon Meats;cheesefurter
Sausages and Luncheon Meats;chicken spread
Sausages and Luncheon Meats;chorizo
Sausages and Luncheon Meats;corned beef loaf
Sausages and Luncheon Meats;dutch brand loaf
Sausages and Luncheon Meats;frankfurter
Sausages and Luncheon Meats;ham
Sausages and Luncheon Meats;ham salad spread
Sausages and Luncheon Meats;ham and cheese loaf or roll
Sausages and Luncheon Meats;ham and cheese spread
Sausages and Luncheon Meats;headcheese
Sausages and Luncheon Meats;knackwurst
Sausages and Luncheon Meats;lebanon bologna
Sausages and Luncheon Meats;liver cheese
Sausages and Luncheon Meats;liver sausage
Sausages and Luncheon Meats;roast beef
Sausages and Luncheon Meats;usda commodity
Sausages and Luncheon Meats;luncheon meat
Sausages and Luncheon Meats;turkey breast
Sausages and Luncheon Meats;mortadella
Sausages and Luncheon Meats;olive loaf
Sausages and Luncheon Meats;pastrami
Sausages and Luncheon Meats;pate
Sausages and Luncheon Meats;peppered loaf
Sausages and Luncheon Meats;pepperoni
Sausages and Luncheon Meats;pickle and pimiento loaf
Sausages and Luncheon Meats;polish sausage
Sausages and Luncheon Meats;luxury loaf
Sausages and Luncheon Meats;mother's loaf
Sausages and Luncheon Meats;picnic loaf
Sausages and Luncheon Meats;pork sausage
Sausages and Luncheon Meats;pork and beef sausage
Sausages and Luncheon Meats;turkey sausage
Sausages and Luncheon Meats;poultry salad sandwich spread
Sausages and Luncheon Meats;salami
Sausages and Luncheon Meats;sandwich spread
Sausages and Luncheon Meats;smoked link sausage
Sausages and Luncheon Meats;thuringer
Sausages and Luncheon Meats;honey roll sausage
Sausages and Luncheon Meats;luncheon sausage
Sausages and Luncheon Meats;new england brand sausage
Sausages and Luncheon Meats;oscar mayer
Sausages and Luncheon Meats;turkey bacon
Sausages and Luncheon Meats;hormel pillow pak sliced turkey pepperoni
Sausages and Luncheon Meats;turkey
Sausages and Luncheon Meats;liverwurst spread
Sausages and Luncheon Meats;roast beef spread
Sausages and Luncheon Meats;swisswurst
Sausages and Luncheon Meats;bacon and beef sticks
Sausages and Luncheon Meats;yachtwurst
Sausages and Luncheon Meats;chicken breast
Sausages and Luncheon Meats;kielbasa
Sausages and Luncheon Meats;oven-roasted chicken breast roll
Sausages and Luncheon Meats;macaroni and cheese loaf
Sausages and Luncheon Meats;scrapple
Sausages and Luncheon Meats;beef sausage
Sausages and Luncheon Meats;pork and turkey sausage
Sausages and Luncheon Meats;meatballs
Sausages and Luncheon Meats;bacon
Sausages and Luncheon Meats;beef
Sausages and Luncheon Meats;turkey ham
Sausages and Luncheon Meats;turkey and pork sausage
Sausages and Luncheon Meats;pork sausage rice links
Sausages and Luncheon Meats;sausage  berliner  pork  bf
Sausages and Luncheon Meats;bockwurst  pork  veal  raw
Sausages and Luncheon Meats;ham&chs loaf or roll
Sausages and Luncheon Meats;knackwurst  knockwurst  pork  bf
Sausages and Luncheon Meats;pork&bf sausage
Sausages and Luncheon Meats;salami  ckd  bf
Sausages and Luncheon Meats;oscar mayer  chicken breast (honey glazed)
Sausages and Luncheon Meats;salami  pork  bf  less na
Sausages and Luncheon Meats;sausage  italian  swt  links
Sausages and Luncheon Meats;sausage  polish  bf w/ chick  hot
Sausages and Luncheon Meats;sausage  polish  pork & bf  smoked
Sausages and Luncheon Meats;sausage  pork & bf  w/ cheddar chs  smoked
Sausages and Luncheon Meats;sausage  smmr  pork & bf  stks  w/ cheddar chs
Sausages and Luncheon Meats;sausage  turkey  brkfst links  mild
Sausages and Luncheon Meats;swisswurst  pork & bf  w/ swiss chs  smoked
Sausages and Luncheon Meats;bratwurst  bf & pork  smoked
Sausages and Luncheon Meats;bratwurst  pork  bf & turkey  lite  smoked
Sausages and Luncheon Meats;pastrami  bf  98% fat-free
Sausages and Luncheon Meats;salami  italian  pork
Sausages and Luncheon Meats;sausage  italian  turkey  smoked
Sausages and Luncheon Meats;sausage  chick  bf  pork  skinless  smoked
Sausages and Luncheon Meats;sausage  turkey  hot  smoked
Sausages and Luncheon Meats;chicken breast  fat-free  mesq flavor  sliced
Sausages and Luncheon Meats;chicken breast  oven-roasted  fat-free  sliced
Sausages and Luncheon Meats;bologna  pork & turkey  lite
Sausages and Luncheon Meats;bologna  pork  turkey & bf
Sausages and Luncheon Meats;ham  honey  smoked  ckd
Sausages and Luncheon Meats;macaroni & chs loaf  chick  pork & bf
Sausages and Luncheon Meats;salami  italian  pork & bf  dry  sliced  50% less na
Sausages and Luncheon Meats;pate  truffle flavor
Sausages and Luncheon Meats;turkey  white  rotisserie  deli cut
Snacks;milk and cereal bar
Snacks;rice and wheat cereal bar
Snacks;snacks
Snacks;snack
Snacks;tortilla chips
Snacks;cheese puffs and twists
Snacks;popcorn
Snacks;potato chips
Snacks;formulated bar
Snacks;pretzels
Snacks;rice crackers
Snacks;granola bar
Snacks;rice cake
Snacks;breakfast bars
Snacks;breakfast bar
Snacks;milk & crl bar
Snacks;rice & wheat crl bar
Snacks;beef jerky
Snacks;corn-based
Snacks;cornnuts
Snacks;crisped rice bar
Snacks;granola bars
Snacks;oriental mix
Snacks;pork skins
Snacks;rice cakes
Snacks;trail mix
Snacks;banana chips
Snacks;sesame stks
Snacks;corn cakes
Snacks;taro chips
Snacks;form bar
Snacks;formbar
Soups, Sauces, and Gravies;soup
Soups, Sauces, and Gravies;campbell's red and white
Soups, Sauces, and Gravies;campbell's
Soups, Sauces, and Gravies;sauce
Soups, Sauces, and Gravies;gravy
Soups, Sauces, and Gravies;usda commodity
Soups, Sauces, and Gravies;split pea soup
Soups, Sauces, and Gravies;split pea with ham soup
Soups, Sauces, and Gravies;prego pasta
Soups, Sauces, and Gravies;p rego pasta
Soups, Sauces, and Gravies;campbell's chunky microwavable bowls
Soups, Sauces, and Gravies;campbell's chunky soups
Soups, Sauces, and Gravies;campbell's chunky
Soups, Sauces, and Gravies;campbell's low sodium soups
Soups, Sauces, and Gravies;campbell's red and white - microwaveable bowls
Soups, Sauces, and Gravies;campbell's homestyle butternut squash bisque
Soups, Sauces, and Gravies;campbell's homestyle light new england clam chowder
Soups, Sauces, and Gravies;campbell's homestyle healthy request mexican style chicken tortilla
Soups, Sauces, and Gravies;campbell's homestyle italian-style wedding soup
Soups, Sauces, and Gravies;campbell's homestyle mexican style chicken tortilla soup
Soups, Sauces, and Gravies;campbell's homestyle minestrone soup
Soups, Sauces, and Gravies;campbell's homestyle new england clam chowder
Soups, Sauces, and Gravies;campbell's homestyle potato broccoli cheese soup
Soups, Sauces, and Gravies;campbell's homestyle chicken with white & wild rice soup
Soups, Sauces, and Gravies;campbell's homestyle vegetable medley soup
Soups, Sauces, and Gravies;campbell's soup on the go
Soups, Sauces, and Gravies;pace
Soups, Sauces, and Gravies;swanson broth
Soups, Sauces, and Gravies;campbell's homestyle light italian-style wedding soup
Soups, Sauces, and Gravies;smart soup
Soups, Sauces, and Gravies;fish broth
Soups, Sauces, and Gravies;potato soup
Soups, Sauces, and Gravies;campbell's healthy request
Soups, Sauces, and Gravies;healthy request
Soups, Sauces, and Gravies;campbell's homestyle microwaveable bowls
Soups, Sauces, and Gravies;campbell's homestyle harvest tomato with basil soup
Soups, Sauces, and Gravies;campbell's homestyle healthy request chicken with whole grain pasta soup
Soups, Sauces, and Gravies;dip
Soups, Sauces, and Gravies;wasabi
Soups, Sauces, and Gravies;hlthy rqst mcrwvbl bwl
Spices and Herbs;spices
Spices and Herbs;basil
Spices and Herbs;dill weed
Spices and Herbs;mustard
Spices and Herbs;salt
Spices and Herbs;vinegar
Spices and Herbs;thyme
Spices and Herbs;vanilla extract
Spices and Herbs;capers
Spices and Herbs;horseradish
Spices and Herbs;rosemary
Spices and Herbs;peppermint
Spices and Herbs;spearmint
Spices and Herbs;pace
Spices and Herbs;seasoning mix
Spices and Herbs;anise seed
Spices and Herbs;caraway seed
Spices and Herbs;celery seed
Spices and Herbs;chervil
Spices and Herbs;chili powder
Spices and Herbs;cinnamon
Spices and Herbs;cloves
Spices and Herbs;coriander leaf
Spices and Herbs;coriander seed
Spices and Herbs;cumin seed
Spices and Herbs;curry powder
Spices and Herbs;dill seed
Spices and Herbs;fennel seed
Spices and Herbs;fenugreek seed
Spices and Herbs;garlic powder
Spices and Herbs;ginger
Spices and Herbs;mace
Spices and Herbs;marjoram
Spices and Herbs;nutmeg
Spices and Herbs;onion powder
Spices and Herbs;paprika
Spices and Herbs;parsley
Spices and Herbs;pepper
Spices and Herbs;poppy seed
Spices and Herbs;poultry seasoning
Spices and Herbs;pumpkin pie spice
Spices and Herbs;saffron
Spices and Herbs;sage
Spices and Herbs;savory
Spices and Herbs;turmeric
Spices and Herbs;pimenta dioica
Spices and Herbs;pimpinella anisum
Spices and Herbs;ocimum basilicum
Spices and Herbs;laurus nobilis
Spices and Herbs;carum carvi
Spices and Herbs;elettaria cardamomum
Spices and Herbs;apium graveolens
Spices and Herbs;anthriscus cerefolium
Spices and Herbs;cinnamomum aromaticum
Spices and Herbs;syzygium aromaticum
Spices and Herbs;coriandrum sativum
Spices and Herbs;cuminum cyminum
Spices and Herbs;anethum graveolens
Spices and Herbs;foeniculum vulgare
Spices and Herbs;trigonella foenum-graecum
Spices and Herbs;allium sativum
Spices and Herbs;zingiber officinale
Spices and Herbs;myristica fragrans
Spices and Herbs;origanum majorana
Spices and Herbs;sinapis alba and brassica juncea
Spices and Herbs;allium cepa
Spices and Herbs;origanum vulgare
Spices and Herbs;capsicum annuum
Spices and Herbs;petroselinum crispum
Spices and Herbs;piper nigrum
Spices and Herbs;capsicum frutescens or capsicum annuum
Spices and Herbs;papaver somniferum
Spices and Herbs;rosmarinus officinalis
Spices and Herbs;crocus sativus
Spices and Herbs;salvia officinalis
Spices and Herbs;satureja hortensis
Spices and Herbs;artemisia dracunculus
Spices and Herbs;thymus vulgaris
Spices and Herbs;curcuma longa l.
Spices and Herbs;capparis spinosa
Spices and Herbs;mentha x piperita l. nothosubsp. piperita
Spices and Herbs;mentha spicata
Sweets;schiff,tiger's milk bar
Sweets;candies
Sweets;snacks
Sweets;fruit syrup
Sweets;topping
Sweets;syrup
Sweets;baking chocolate
Sweets;ice creams
Sweets;desserts
Sweets;sherbet
Sweets;syrups
Sweets;puddings
Sweets;chocolate-flavored hazelnut spread
Sweets;toppings
Sweets;chewing gum
Sweets;cocoa
Sweets;egg custards
Sweets;gelatin desserts
Sweets;gelatins
Sweets;flan
Sweets;rennin
Sweets;frozen novelties
Sweets;frostings
Sweets;frozen yogurts
Sweets;fruit butters
Sweets;honey
Sweets;jams and preserves
Sweets;jellies
Sweets;marmalade
Sweets;molasses
Sweets;pectin
Sweets;pie fillings
Sweets;pudding
Sweets;sugars
Sweets;sweeteners
Sweets;chocolate
Sweets;sugar
Sweets;sweetener
Sweets;jams
Sweets;milk dessert
Sweets;gums
Sweets;schiff
Sweets;fruit leather
Sweets;frz nvl
Sweets;yogurt
Sweets;ice crm bar
Vegetables and Vegetable Products;alfalfa seeds
Vegetables and Vegetable Products;amaranth leaves
Vegetables and Vegetable Products;arrowhead
Vegetables and Vegetable Products;artichokes
Vegetables and Vegetable Products;asparagus
Vegetables and Vegetable Products;balsam-pear (bitter gourd)
Vegetables and Vegetable Products;bamboo shoots
Vegetables and Vegetable Products;beans
Vegetables and Vegetable Products;lima beans
Vegetables and Vegetable Products;mung beans
Vegetables and Vegetable Products;beets
Vegetables and Vegetable Products;beet greens
Vegetables and Vegetable Products;broadbeans
Vegetables and Vegetable Products;broccoli
Vegetables and Vegetable Products;broccoli raab
Vegetables and Vegetable Products;brussels sprouts
Vegetables and Vegetable Products;burdock root
Vegetables and Vegetable Products;butterbur
Vegetables and Vegetable Products;cabbage
Vegetables and Vegetable Products;cardoon
Vegetables and Vegetable Products;carrots
Vegetables and Vegetable Products;cassava
Vegetables and Vegetable Products;cauliflower
Vegetables and Vegetable Products;celeriac
Vegetables and Vegetable Products;celery
Vegetables and Vegetable Products;celtuce
Vegetables and Vegetable Products;chard
Vegetables and Vegetable Products;chayote
Vegetables and Vegetable Products;chicory
Vegetables and Vegetable Products;chicory greens
Vegetables and Vegetable Products;chicory roots
Vegetables and Vegetable Products;chives
Vegetables and Vegetable Products;chrysanthemum
Vegetables and Vegetable Products;collards
Vegetables and Vegetable Products;coriander (cilantro) leaves
Vegetables and Vegetable Products;corn
Vegetables and Vegetable Products;corn with red and green peppers
Vegetables and Vegetable Products;cornsalad
Vegetables and Vegetable Products;cowpeas (blackeyes)
Vegetables and Vegetable Products;cowpeas
Vegetables and Vegetable Products;yardlong bean
Vegetables and Vegetable Products;cress
Vegetables and Vegetable Products;cucumber
Vegetables and Vegetable Products;dandelion greens
Vegetables and Vegetable Products;eggplant
Vegetables and Vegetable Products;edamame
Vegetables and Vegetable Products;endive
Vegetables and Vegetable Products;escarole
Vegetables and Vegetable Products;garlic
Vegetables and Vegetable Products;ginger root
Vegetables and Vegetable Products;gourd
Vegetables and Vegetable Products;drumstick leaves
Vegetables and Vegetable Products;hyacinth-beans
Vegetables and Vegetable Products;jerusalem-artichokes
Vegetables and Vegetable Products;jew's ear
Vegetables and Vegetable Products;pepeao
Vegetables and Vegetable Products;jute
Vegetables and Vegetable Products;kale
Vegetables and Vegetable Products;kanpyo
Vegetables and Vegetable Products;mushrooms
Vegetables and Vegetable Products;kohlrabi
Vegetables and Vegetable Products;lambsquarters
Vegetables and Vegetable Products;leeks
Vegetables and Vegetable Products;lentils
Vegetables and Vegetable Products;lettuce
Vegetables and Vegetable Products;lotus root
Vegetables and Vegetable Products;mountain yam
Vegetables and Vegetable Products;mustard greens
Vegetables and Vegetable Products;mustard spinach
Vegetables and Vegetable Products;new zealand spinach
Vegetables and Vegetable Products;okra
Vegetables and Vegetable Products;onions
Vegetables and Vegetable Products;onion rings
Vegetables and Vegetable Products;parsley
Vegetables and Vegetable Products;parsnips
Vegetables and Vegetable Products;peas
Vegetables and Vegetable Products;peas and carrots
Vegetables and Vegetable Products;peas and onions
Vegetables and Vegetable Products;peppers
Vegetables and Vegetable Products;pigeonpeas
Vegetables and Vegetable Products;poi
Vegetables and Vegetable Products;pokeberry shoots
Vegetables and Vegetable Products;potatoes
Vegetables and Vegetable Products;potato puffs
Vegetables and Vegetable Products;usda commodity
Vegetables and Vegetable Products;potato flour
Vegetables and Vegetable Products;potato salad
Vegetables and Vegetable Products;pumpkin flowers
Vegetables and Vegetable Products;pumpkin leaves
Vegetables and Vegetable Products;pumpkin
Vegetables and Vegetable Products;pumpkin pie mix
Vegetables and Vegetable Products;purslane
Vegetables and Vegetable Products;radishes
Vegetables and Vegetable Products;rutabagas
Vegetables and Vegetable Products;salsify
Vegetables and Vegetable Products;sauerkraut
Vegetables and Vegetable Products;seaweed
Vegetables and Vegetable Products;sesbania flower
Vegetables and Vegetable Products;soybeans
Vegetables and Vegetable Products;spinach
Vegetables and Vegetable Products;squash
Vegetables and Vegetable Products;succotash
Vegetables and Vegetable Products;swamp cabbage
Vegetables and Vegetable Products;swamp cabbage (skunk  cabbage)
Vegetables and Vegetable Products;sweet potato leaves
Vegetables and Vegetable Products;sweet potato
Vegetables and Vegetable Products;taro
Vegetables and Vegetable Products;taro leaves
Vegetables and Vegetable Products;taro shoots
Vegetables and Vegetable Products;tomatoes
Vegetables and Vegetable Products;tomato juice
Vegetables and Vegetable Products;tomato products
Vegetables and Vegetable Products;tomato powder
Vegetables and Vegetable Products;tree fern
Vegetables and Vegetable Products;turnips
Vegetables and Vegetable Products;turnip greens
Vegetables and Vegetable Products;turnip greens and turnips
Vegetables and Vegetable Products;vegetable juice cocktail
Vegetables and Vegetable Products;vegetables
Vegetables and Vegetable Products;vinespinach
Vegetables and Vegetable Products;waterchestnuts
Vegetables and Vegetable Products;watercress
Vegetables and Vegetable Products;waxgourd
Vegetables and Vegetable Products;winged beans
Vegetables and Vegetable Products;winged bean leaves
Vegetables and Vegetable Products;winged bean tuber
Vegetables and Vegetable Products;yam
Vegetables and Vegetable Products;yambean (jicama)
Vegetables and Vegetable Products;borage
Vegetables and Vegetable Products;dock
Vegetables and Vegetable Products;eppaw
Vegetables and Vegetable Products;drumstick pods
Vegetables and Vegetable Products;shallots
Vegetables and Vegetable Products;carrot juice
Vegetables and Vegetable Products;corn pudding
Vegetables and Vegetable Products;spinach souffle
Vegetables and Vegetable Products;potato pancakes
Vegetables and Vegetable Products;radish seeds
Vegetables and Vegetable Products;carrot
Vegetables and Vegetable Products;arrowroot
Vegetables and Vegetable Products;chrysanthemum leaves
Vegetables and Vegetable Products;swamp cabbage (skunk cabbage)
Vegetables and Vegetable Products;winged bean
Vegetables and Vegetable Products;catsup
Vegetables and Vegetable Products;pickles
Vegetables and Vegetable Products;mushroom
Vegetables and Vegetable Products;pimento
Vegetables and Vegetable Products;pickle relish
Vegetables and Vegetable Products;radicchio
Vegetables and Vegetable Products;tomatillos
Vegetables and Vegetable Products;fennel
Vegetables and Vegetable Products;arugula
Vegetables and Vegetable Products;hearts of palm
Vegetables and Vegetable Products;nopales
Vegetables and Vegetable Products;lemon grass (citronella)
Vegetables and Vegetable Products;grape leaves
Vegetables and Vegetable Products;pepper
Vegetables and Vegetable Products;epazote
Vegetables and Vegetable Products;fireweed
Vegetables and Vegetable Products;malabar spinach
Vegetables and Vegetable Products;fungi
Vegetables and Vegetable Products;wasabi
Vegetables and Vegetable Products;yautia (tannier)
Vegetables and Vegetable Products;fiddlehead ferns
Vegetables and Vegetable Products;campbell's
Vegetables and Vegetable Products;healthy request tomato juice
Vegetables and Vegetable Products;pace
Vegetables and Vegetable Products;sweet potatoes
Vegetables and Vegetable Products;sweet potato puffs
Vegetables and Vegetable Products;vegetable smoothie
Vegetables and Vegetable Products;vegetable juice
Vegetables and Vegetable Products;tomato sauce
Vegetables and Vegetable Products;tomato and vegetable juice
Vegetables and Vegetable Products;yeast extract spread
Vegetables and Vegetable Products;celery flakes
Vegetables and Vegetable Products;corn w/red&grn peppers
Vegetables and Vegetable Products;peas&onions
Vegetables and Vegetable Products;v8 veg juc
Vegetables and Vegetable Products;campbell's v8 100% veg juc
Vegetables and Vegetable Products;v8 60% veg juc
Vegetables and Vegetable Products;tomato&veg juc
Vegetables and Vegetable Products;medicago sativa
Vegetables and Vegetable Products;amaranthus spp.
Vegetables and Vegetable Products;sagittaria latifolia
Vegetables and Vegetable Products;cynara scolymus
Vegetables and Vegetable Products;asparagus officinalis
Vegetables and Vegetable Products;momordica charantia
Vegetables and Vegetable Products;phyllostachys spp.
Vegetables and Vegetable Products;phaseolus vulgaris
Vegetables and Vegetable Products;phaseolus lunatus
Vegetables and Vegetable Products;vigna radiata
Vegetables and Vegetable Products;beta vulgaris
Vegetables and Vegetable Products;vicia faba
Vegetables and Vegetable Products;brassica oleracea var. italica
Vegetables and Vegetable Products;brassica ruvo
Vegetables and Vegetable Products;brassica oleracea (gemmifera group)
Vegetables and Vegetable Products;arctium lappa
Vegetables and Vegetable Products;petasites japonicus
Vegetables and Vegetable Products;brassica oleracea (capitata group)
Vegetables and Vegetable Products;brassica rapa (chinensis group)
Vegetables and Vegetable Products;brassica rapa (pekinensis group)
Vegetables and Vegetable Products;cynara cardunculus
Vegetables and Vegetable Products;daucus carota
Vegetables and Vegetable Products;manihot esculenta
Vegetables and Vegetable Products;brassica oleracea (botrytis group)
Vegetables and Vegetable Products;apium graveolens
Vegetables and Vegetable Products;lactuca sativa
Vegetables and Vegetable Products;beta vulgaris subsp. vulagaris
Vegetables and Vegetable Products;sechium edule
Vegetables and Vegetable Products;cichorium intybus
Vegetables and Vegetable Products;allium schoenoprasum
Vegetables and Vegetable Products;chrysanthemum coronarium
Vegetables and Vegetable Products;brassica oleracea var. viridis
Vegetables and Vegetable Products;coriandrum sativum
Vegetables and Vegetable Products;zea mays
Vegetables and Vegetable Products;valerianella locusta
Vegetables and Vegetable Products;vigna unguiculata subsp. unguiculata
Vegetables and Vegetable Products;vigna unguiculata subsp. sesquipedalis
Vegetables and Vegetable Products;lepidium sativum
Vegetables and Vegetable Products;cucumis sativus
Vegetables and Vegetable Products;taraxacum officinale
Vegetables and Vegetable Products;solanum melongena
Vegetables and Vegetable Products;cichorium endivia
Vegetables and Vegetable Products;allium sativum
Vegetables and Vegetable Products;zingiber officinale
Vegetables and Vegetable Products;lagenaria siceraria
Vegetables and Vegetable Products;luffa aegyptiaca
Vegetables and Vegetable Products;moringa oleifera
Vegetables and Vegetable Products;dolichos lablab
Vegetables and Vegetable Products;helianthus tuberosus
Vegetables and Vegetable Products;auricularia polytricha
Vegetables and Vegetable Products;corchorus olitorius
Vegetables and Vegetable Products;brassica oleracea (acephala group)
Vegetables and Vegetable Products;lentinus edodes
Vegetables and Vegetable Products;cantharellus californicus or cantharellus cibarius
Vegetables and Vegetable Products;morchella spp.
Vegetables and Vegetable Products;brassica oleracea (gongylodes group)
Vegetables and Vegetable Products;agaricus bisporus
Vegetables and Vegetable Products;chenopodium album
Vegetables and Vegetable Products;allium ampeloprasum
Vegetables and Vegetable Products;lens culinaris
Vegetables and Vegetable Products;lactuca sativa var. capitata
Vegetables and Vegetable Products;lactuca sativa var. logifolia
Vegetables and Vegetable Products;lactuca sativa var. crispa
Vegetables and Vegetable Products;nelumbo nucifera
Vegetables and Vegetable Products;dioscorea pentaphylla
Vegetables and Vegetable Products;brassica juncea
Vegetables and Vegetable Products;brassica rapa (perviridis group)
Vegetables and Vegetable Products;tetragonia tetragonioides
Vegetables and Vegetable Products;abelmoschus esculentus
Vegetables and Vegetable Products;allium cepa
Vegetables and Vegetable Products;allium cepa or allium fistulosum
Vegetables and Vegetable Products;allium fistulosum
Vegetables and Vegetable Products;petroselinum crispum
Vegetables and Vegetable Products;pastinaca sativa
Vegetables and Vegetable Products;pisum sativum
Vegetables and Vegetable Products;capsicum annuum
Vegetables and Vegetable Products;cajanus cajan
Vegetables and Vegetable Products;phytolacca americana
Vegetables and Vegetable Products;solanum tuberosum
Vegetables and Vegetable Products;cucurbita spp.
Vegetables and Vegetable Products;portulaca oleracea
Vegetables and Vegetable Products;raphanus sativus
Vegetables and Vegetable Products;raphanus sativus (longipinratus group)
Vegetables and Vegetable Products;brassica napus var. napobrassica
Vegetables and Vegetable Products;tragopogon porrifolius
Vegetables and Vegetable Products;eucheuma spp.
Vegetables and Vegetable Products;chondrus crispus
Vegetables and Vegetable Products;laminaria spp.
Vegetables and Vegetable Products;porphyra laciniata
Vegetables and Vegetable Products;sesbania spp.
Vegetables and Vegetable Products;glycine max
Vegetables and Vegetable Products;spinacia oleracea
Vegetables and Vegetable Products;cucurbita maxima
Vegetables and Vegetable Products;cucurbita moschata
Vegetables and Vegetable Products;ipomoea aquatica
Vegetables and Vegetable Products;ipomoea batatas
Vegetables and Vegetable Products;colocasia esculenta
Vegetables and Vegetable Products;solanum lycopersicum
Vegetables and Vegetable Products;brassica rapa (rapifera group)
Vegetables and Vegetable Products;basella alba
Vegetables and Vegetable Products;eleocharis dulcis
Vegetables and Vegetable Products;nasturtium officinale
Vegetables and Vegetable Products;benincasa hispida
Vegetables and Vegetable Products;psophocarpus tetragonolobus
Vegetables and Vegetable Products;dioscorea spp.
Vegetables and Vegetable Products;pachyrhizus spp.
Vegetables and Vegetable Products;borago officinalis
Vegetables and Vegetable Products;rumex spp.
Vegetables and Vegetable Products;perideridia oregana
Vegetables and Vegetable Products;brassica napus (pabularia group)
Vegetables and Vegetable Products;spirulina spp.
Vegetables and Vegetable Products;undaria spp.
Vegetables and Vegetable Products;capsicum frutescens
Vegetables and Vegetable Products;allium ascalonicum
Vegetables and Vegetable Products;maranta arundinacea
Vegetables and Vegetable Products;flammulina veluptipes
Vegetables and Vegetable Products;physalis philadelphica
Vegetables and Vegetable Products;foeniculum vulgare
Vegetables and Vegetable Products;eruca sativa
Vegetables and Vegetable Products;nopalea cochenillifera
Vegetables and Vegetable Products;brassica oleracea
Vegetables and Vegetable Products;collinsonia canadensis
Vegetables and Vegetable Products;vitis vinifera
Vegetables and Vegetable Products;capsicum anuum
Vegetables and Vegetable Products;chenopodium ambrosiodes
Vegetables and Vegetable Products;epilobium angustifolium
Vegetables and Vegetable Products;pleurotus ostreatus
Vegetables and Vegetable Products;wasabia japonica
Vegetables and Vegetable Products;xanthosoma sagittifolium
Vegetables and Vegetable Products;grifola frondosa
Vegetables and Vegetable Products; brassica oleracea var. alboglabra
Vegetables and Vegetable Products;matteuccia struthioreris
