Escherichia coli	1874
Helicobacter pylori	985
Peptoclostridium difficile	828
Mycobacterium tuberculosis	685
Firmicutes	670
Lactobacillus	631
Bacteroidia	574
Salmonella	549
Pseudomonas aeruginosa	505
Bifidobacterium	346
Bacteroides	345
Streptomyces aureus	336
Campylobacter jejuni	323
Streptococcus	304
Proteobacteria	292
Faecalibacterium prausnitzii	284
Lactobacillus plantarum	280
Clostridium	272
Vibrio cholerae	250
Enterobacteriaceae	240
Lactobacillus reuteri	231
Porphyromonas gingivalis	227
Prevotella	217
Lactobacillus acidophilus	216
Klebsiella pneumoniae	209
Lactococcus lactis	201
Bacteroides fragilis	200
Staphylococcus aureus	198
Lactobacillus casei	186
Lactobacillus rhamnosus	180
Fusobacterium	175
Pseudomonas	162
Actinobacteria	159
Campylobacter	157
Listeria monocytogenes	155
Citrobacter rodentium	153
Helicobacter hepaticus	150
Campylobacter concisus	149
Haemophilus influenzae	142
Clostridium perfringens	141
Archaea	139
Enterococcus	129
Bifidobacterium breve	127
unidentified plasmid	125
Escherichia faecalis	118
Lactobacillus paracasei	110
Haemophilus	107
Bifidobacterium longum	106
Helicobacter	106
Staphylococcus	105
Salmonella enterica	105
Shigella	104
Enterococcus faecium	96
Yersinia pestis	96
Clostridia	95
Mycoplasma pneumoniae	88
Lachnospiraceae	87
Listeria	84
Bacillus infantis	82
Bacillus	82
Klebsiella	82
Akkermansia muciniphila	80
Bacillus subtilis	80
Bacteroides vulgatus	78
Lactobacillus fermentum	77
Bifidobacterium bifidum	77
Salmonella enterica subsp. enterica serovar Typhimurium	75
Streptococcus mutans	75
Brucella	75
Propionibacterium acnes	73
Lactobacillus gasseri	73
Streptococcus pneumoniae	72
Citrobacter	72
Wolbachia	71
Clostridiales	70
Enterococcus faecalis	70
Enterobacteriales	69
Veillonella	69
Lactobacillus rhamnosus GG	66
Bacteroides thetaiotaomicron	65
Faecalibacterium	63
Ruminococcaceae	63
Fusobacteriia	60
Bordetella pertussis	60
Tannerella forsythia	54
Lactobacillus salivarius	53
Vibrio	52
Bifidobacterium animalis subsp. lactis	51
Cyanobacteria	51
Fusobacterium nucleatum	51
Aggregatibacter actinomycetemcomitans	51
Trichodesmium spiralis	50
Stenotrophomonas maltophilia	50
Ruminococcus	49
Enterobacter	48
Neisseria	48
[Clostridium] leptum	47
Treponema denticola	47
Gardnerella vaginalis	47
Porphyromonas	46
Bacteroidales	45
Mycobacterium avium	45
Staphylococcus epidermidis	44
Streptococcus thermophilus	44
plasmids	43
Roseovarius albus	43
Bilophila wadsworthia	42
Escherichia	42
Bifidobacterium animalis	42
Chlamydia pneumoniae	41
Treponema	40
Streptococcus mitis	40
Streptococcus pyogenes	40
Yersinia	38
Acinetobacter	38
Eubacterium	37
Moraxella catarrhalis	36
Chlamydia trachomatis	36
Desulfovibrio	36
Fontimonas thermophila	36
Prevotellaceae	35
Roseburia	34
Shigella flexneri	34
Lactobacillus helveticus	33
Akkermansia	33
Lactobacillus johnsonii	32
Gammaproteobacteria	32
Salmonella enterica subsp. enterica serovar Typhi	32
Proteus mirabilis	32
Acinetobacter baumannii	32
Propionibacterium freudenreichii	31
Lactobacillus crispatus	31
Bacillus anthracis	30
Corynebacterium	30
Mycoplasma	30
Yersinia enterocolitica	30
Prevotella copri	30
Mycobacterium	29
Blautia coccoides	29
Prevotella intermedia	28
Rothia mucilaginosa	28
Borrelia burgdorferi	28
Clostridium botulinum	28
Aeromonas	28
Streptococcus oralis	27
Alistipes	27
Propionibacterium	27
Neisseria meningitidis	27
Burkholderia	27
Campylobacter coli	26
Bacteroides uniformis	26
Erysipelotrichaceae	26
Desulfovibrio vulgaris	26
Clostridium butyricum	25
Methanosphaera stadtmanae	25
Microcystis smithii	25
Lactobacillus brevis	25
Burkholderia cepacia	25
Klebsiella oxytoca	25
Enterobacter cloacae	25
Rothia	25
Actinomyces	25
Methanobrevibacter oralis	25
Streptococcus salivarius	24
Bacteroidaceae	24
Ruminiclostridium thermocellum	24
Asaia	24
Bacteroides ovatus	24
Pediococcus acidilactici	24
Bifidobacterium adolescentis	24
Clostridiaceae	23
Burkholderia pseudomallei	23
[Clostridium] sordellii	23
Candidatus Arthromitus sp. SFB-mouse	23
Porphyromonadaceae	23
Citrobacter freundii	23
Lactobacillus delbrueckii	23
Serratia marcescens	23
Neisseria gonorrhoeae	22
Bdellovibrio bacteriovorus	22
Agathobacter rectalis	22
Rhodococcus equi	22
Candidatus Treponema suis	22
Mycobacterium leprae	22
Methanobrevibacter	22
Bacillus cereus	22
Erysipelatoclostridium ramosum	22
Blautia	22
Aeromonas hydrophila	22
Helicobacter cinaedi	21
Mycobacterium smegmatis	21
Chlamydia	21
Bifidobacterium longum subsp. infantis	21
Yersinia pseudotuberculosis	21
Mycobacterium avium subsp. paratuberculosis	21
Fusobacterium necrophorum	20
Methanomassiliicoccus luminyensis	20
[Clostridium] cellulolyticum	20
Streptococcus agalactiae	19
Sutterella	19
Lactobacillus delbrueckii subsp. bulgaricus	19
Helicobacter bilis	19
Lachnoclostridium phytofermentans	19
Methanobrevibacter smithii	19
Parabacteroides distasonis	19
Verrucomicrobia	19
Shigella dysenteriae	18
Sutterella wadsworthensis	18
Brachyspira	18
Spirochaetia	18
Bacteroides dorei	18
Legionella pneumophila	18
Alphaproteobacteria	17
spotted fever group	17
Salinisphaera japonica	17
Streptococcaceae	17
Peptostreptococcus	17
Streptomyces	17
Pseudomonas putida	17
Helicobacter typhlonius	17
Francisella tularensis	16
Lactobacillus ruminis	16
Selenomonas	16
[Ruminococcus] gnavus	16
Brachyspira hyodysenteriae	16
Streptococcus gordonii	16
Lactococcus	16
Lactobacillus iners	16
Coprococcus	16
Haemophilus parainfluenzae	16
Spirochaetales	15
Methanobacteriales	15
Streptococcus gallolyticus	15
Acetobacter	15
Pasteurella multocida	15
Pseudomonas fluorescens	15
Sphingomonas	15
Blattabacterium	14
Weissella cibaria	14
Oscillibacter	14
Fibrobacter succinogenes	14
Pantoea	14
[Ruminococcus] torques	14
Atopobium vaginae	14
Streptococcus sobrinus	14
Bacillus pumilus	14
Atopobium	14
Methanosarcinales	14
Capnocytophaga	13
Ureaplasma	13
Synergistetes	13
Moraxella	13
Epilithonimonas lactis	13
Proteus	13
Tenericutes	13
Rhizobium	13
Megasphaera	13
Escherichia coli Nissle 1917	13
Serratia	13
Heliobacterium modesticaldum	13
Parabacteroides	13
Chloroflexi	13
Mobiluncus	13
Bacilli	12
Tannerella	12
Mollicutes	12
Bifidobacteriaceae	12
Elizabethkingia meningoseptica	12
Sphingomonas sanguinis	12
Treponema pallidum	12
Borrelia	12
Streptococcus uberis	12
Bordetella bronchiseptica	12
Leuconostoc mesenteroides	12
Bacteroides sp.	12
Streptococcus anginosus	12
Parvimonas	12
Lactobacillaceae	12
Methylobacter bovis	12
Stenotrophomonas	12
Dorea	12
Selenomonas bovis	12
Erysipelotrichia	12
Leptotrichia	12
Barnesiella	11
Weissella confusa	11
Corynebacteriales	11
Collinsella	11
Vibrio harveyi	11
Gemella	11
Granulicatella	11
Lactobacillus sakei	11
Enterobacter aerogenes	11
Mycobacterium bovis	11
Rickettsia	11
Rhizobiales	11
Burkholderia cepacia complex	11
Burkholderia cenocepacia	11
Clostridium tetani	10
Methanosarcina	10
Coriobacteriaceae	10
Prevotella melaninogenica	10
Methanosphaera	10
Aeromonas veronii	10
Bacillus licheniformis	10
Coxiella burnetii	10
Plesiomonas shigelloides	10
Ruminococcus flavefaciens	10
Vibrio vulnificus	10
Campylobacter rectus	10
Gardnerella	10
Bacteroides caccae	10
Dialister	10
Rikenellaceae	10
Peptostreptococcaceae	10
Mangrovibacterium marinum	10
Arcobacter	10
Microbacterium barkeri	9
Enterococcaceae	9
Leuconostoc	9
Micrococcus luteus	9
Veillonellaceae	9
Streptococcus milleri	9
Pantoea agglomerans	9
Allobaculum	9
Bordetella parapertussis	9
Lactobacillus acidophilus NCFM	9
Rhodocyclales	9
Bifidobacterium dentium	9
Oxalobacter formigenes	9
Selenomonas ruminantium	9
Filifactor alocis	9
Geobacter metallireducens	9
Proteus vulgaris	9
Clostridium acetobutylicum	9
Lactobacillales	9
[Haemophilus] ducreyi	9
Flavobacterium columnare	9
Prevotella nigrescens	8
Granulicatella adiacens	8
Turicibacter	8
Methanomicrobiales	8
Chlamydia suis	8
Helicobacteraceae	8
Olsenella	8
Elizabethkingia anophelis	8
Achromobacter xylosoxidans	8
Bacteroides cellulosilyticus	8
Bacillus circulans	8
Streptococcus parasanguinis	8
Salmonella enterica subsp. enterica serovar Enteritidis	8
Leptotrichia hongkongensis	8
Parvimonas micra	8
Escherichia coli O157	8
Euryarchaeota	8
environmental samples	8
Agrobacterium tumefaciens	8
Aminicenantes	8
Ruminococcus bromii	8
Prevotella bivia	8
Chlamydiaceae	8
Veillonella parvula	7
Methanosaeta	7
Geobacter sulfurreducens	7
Capnocytophaga canimorsus	7
Fibrobacter	7
Eubacteriaceae	7
Wigglesworthia	7
Brevundimonas	7
Thermoplasmatales	7
Vibrio parahaemolyticus	7
Lactobacillus jensenii	7
Sneathia	7
Deltaproteobacteria	7
Paenibacillus polymyxa	7
Pseudomonadaceae	7
Komagataeibacter xylinus	7
Yersinia ruckeri	7
Edwardsiella ictaluri	7
Lactobacillus kefiranofaciens	7
Enterococcus casseliflavus	7
Micrococcus	7
Methanococcus maripaludis	7
Lachnospira	7
Mycoplasma hyopneumoniae	7
Nocardia brasiliensis	7
Marinococcus luteus	7
Ralstonia	7
Lactobacillus hilgardii	7
Acinetobacter lwoffii	7
Aliivibrio fischeri	7
Brucella abortus	7
Bacteroides acidifaciens	7
Psychrobacter	7
Lactobacillus murinus	7
Hafnia alvei	7
Agrobacterium	7
Listeria innocua	7
Bacillus coagulans	7
Helicobacter trogontum	7
Lactobacillus pentosus	7
Streptococcus suis	7
Pediococcus pentosaceus	7
White tip die-back phytoplasma	7
Actinomycetales	7
Bifidobacterium pseudocatenulatum	6
Vibrionaceae	6
Megamonas	6
Ochrobactrum	6
Pasteurellaceae	6
Caulobacter	6
Bacillus thuringiensis	6
Clostridium kluyveri	6
Eubacterium limosum	6
Gemmatimonadetes	6
Methanomassiliicoccales	6
Leptospira	6
Collinsella aerofaciens	6
Methylobacterium	6
Streptococcus pasteurianus	6
Vibrio anguillarum	6
Mycoplasma hominis	6
Desulfovibrionaceae	6
Subdoligranulum	6
Betaproteobacteria	6
Shigella sonnei	6
Moraxellaceae	6
Mycoplasma genitalium	6
Sarcina	6
Mycobacterium tuberculosis H37Ra	6
Aggregatibacter	6
Bulleidia	6
Nitrosospira	6
Cronobacter sakazakii	6
Actinobacillus	6
Acidobacteriia	6
Fibrobacteria	6
Succinivibrio	6
Shigella sp.	6
Alicyclobacillus pomorum	6
Bisgaard taxa	6
Caryophanon latum	6
Flavobacterium	6
Enterococcus hirae	6
Neisseria elongata	6
Sutterellaceae	5
Clostridium sp.	5
Mucispirillum	5
Lactococcus garvieae	5
Frankia	5
Sphaerochaeta	5
Dialister pneumosintes	5
Thermotogales	5
Weissella	5
Rothia aeria	5
Cupriavidus	5
Deinococcus-Thermus	5
Xanthomonadaceae	5
Methanoculleus	5
Borrelia afzelii	5
Nitrospira	5
Campylobacter showae	5
Bilophila	5
Mycobacterium vaccae	5
Pantoea ananatis	5
Pediococcus	5
Lactobacillus curvatus	5
Erwinia	5
Prevotella ruminicola	5
[Eubacterium] nodatum	5
Cellulomonas	5
Pseudomonas tolaasii	5
Melissococcus plutonius	5
Gilliamella apicola	5
Bifidobacterium pseudolongum	5
Anoxybacillus	5
Microbacterium	5
Streptomyces scabiei	5
Prevotella oris	5
Eggerthella lenta	5
Bordetella	5
Filifactor	5
Thaumarchaeota	5
Bacillales	5
Marininema	5
Lactobacillus mucosae	5
Bradyrhizobium	5
Lactobacillus sp.	5
Lautropia	5
Planctomycetes	5
Veillonella dispar	5
Lawsonia intracellularis	5
Chlamydia muridarum	5
Neisseria meningitidis serogroup B	4
Methanosarcina barkeri	4
Erwinia amylovora	4
Odoribacter	4
Eikenella corrodens	4
Megasphaera elsdenii	4
Mogibacterium	4
Xanthomonas campestris	4
Treponema primitia	4
Tropheryma whipplei	4
Rhizobiaceae	4
Fusobacteriaceae	4
Flavobacteriia	4
Paenibacillus	4
Pectobacterium carotovorum	4
Lactobacillus farciminis	4
Chlamydia pecorum	4
Bifidobacterium sp.	4
Aminobacterium	4
Cellulosimicrobium	4
Fusobacterium varium	4
Sodalis glossinidius	4
Xanthomonas	4
Brachyspira intermedia	4
Flavobacterium psychrophilum	4
Pseudomonas entomophila	4
Rhodobacteraceae	4
Bacillus simplex	4
Comamonas	4
Desulfovibrio piger	4
Pseudobutyrivibrio	4
Haemophilus haemolyticus	4
Neisseriaceae	4
Thermus	4
Lentisphaerae	4
Enterococcus durans	4
Vibrio midae	4
Methanomassiliicoccus	4
Cellulomonas flavigena	4
Shewanella	4
Elizabethkingia	4
Streptococcus intermedius	4
Streptomyces intermedius	4
Proteiniphilum	4
Pseudomonadales	4
Achromobacter	4
Capnocytophaga gingivalis	4
Dickeya chrysanthemi	4
Bacteroides xylanisolvens	4
Comamonadaceae	4
Photobacterium	4
Holdemanella biformis	4
Mannheimia haemolytica	4
Candidatus Evansia	4
Mycobacterium marinum	4
Streptococcus sanguinis	4
Roseburia hominis	4
Lysinibacillus fusiformis	4
Vagococcus fluvialis	4
Thauera	4
Catonella	4
Selenomonas noxia	4
Arcobacter butzleri	4
Treponema parvum	4
Pseudomonas syringae	4
Lactobacillus rossiae	4
Butyrivibrio fibrisolvens	4
Ruminococcus albus 7 = DSM 20455	4
Methanocorpusculum	4
Nitrosomonas	4
Corynebacterium diphtheriae	4
[Caldibacillus] cellulovorans	4
Diaphorobacter	4
Bacteroides fragilis NCTC 9343	4
Photorhabdus luminescens	4
Helicobacter rodentium	4
Phascolarctobacterium	4
Sphingobacteriales	4
Rhodococcus	4
Pseudomonas taiwanensis	4
Chlamydophila	4
Mycobacterium abscessus	4
Mycobacterium bovis BCG	4
Staphylococcus saprophyticus	4
Bifidobacterium catenulatum	4
Rickettsia akari	4
Dialister invisus	3
Enterobacter sp.	3
Schlegelella	3
Corynebacterium kutscheri	3
Burkholderia dolosa	3
Aliivibrio salmonicida	3
Rhodobacter sphaeroides	3
Succinivibrionaceae	3
Thiocystis violascens	3
Leptotrichia buccalis	3
Enterobacter cancerogenus	3
Geobacter	3
Bacillus firmus	3
Cronobacter	3
Clostridium tyrobutyricum	3
Flavobacteriaceae	3
Clostridium novyi	3
Enterococcus mundtii	3
Synechococcus	3
Rickettsia typhi	3
Vitreoscilla filiformis	3
Methanimicrococcus blatticola	3
Finegoldia magna	3
Bdellovibrio	3
Spirochaeta	3
Abiotrophia	3
Varibaculum cambriense	3
[Clostridium] scindens	3
Lactobacillus delbrueckii subsp. lactis	3
Staphylococcus lugdunensis	3
Propionibacterium granulosum	3
Acidovorax	3
Legionella	3
Streptomyces odorifer	3
Corynebacterium glutamicum	3
Rhodobacter	3
Orientia tsutsugamushi	3
Bartonella	3
Acetobacteraceae	3
typhus group	3
Streptococcus equinus	3
Bacteroides barnesiae	3
Cohnella	3
Providencia	3
unidentified insertion sequence	3
Streptococcus sp. 'group A'	3
Methanocorpusculum labreanum	3
Bacteroides salanitronis	3
Bacteroides intestinalis	3
Novosphingobium resinovorum	3
Pseudomonas sp.	3
Acrocarpospora corrugata	3
Mycoplasma salivarium	3
Bacillus mojavensis	3
[Clostridium] clostridioforme	3
Shewanella putrefaciens	3
Bifidobacterium asteroides	3
Rhodococcus jostii RHA1	3
Isoptericola variabilis	3
Corynebacterium tuberculostearicum	3
Porphyromonas canoris	3
Mycoplasma bovis	3
Methanoculleus marisnigri	3
Bacteroides coprosuis	3
Prevotella loescheii	3
Staphylococcus pseudintermedius	3
Actinomyces naeslundii	3
Propionicimonas	3
Ureaplasma urealyticum	3
Paracoccus	3
Bacteroides helcogenes	3
Flavonifractor plautii	3
Bacillus sp.	3
Phenylobacterium	3
Syntrophomonas	3
Streptococcus iniae	3
Azospirillum rugosum	3
Treponema azotonutricium	3
Tenacibaculum	3
Staphylococcus chromogenes	3
Anaeroplasma	3
Hydrogenophaga	3
Pediococcus damnosus	3
Alcaligenes	3
Pectobacterium	3
Cupriavidus metallidurans	3
Trueperella pyogenes	3
Sphingomonadaceae	3
Mycobacterium tuberculosis H37Rv	3
Methylobacterium extorquens	3
Campylobacteraceae	3
Catenibacterium	3
Tissierella	3
Granulicatella elegans	3
Chromatiales	3
Curvibacter	3
Thermotogae	3
Cystobacter gracilis	3
Ewingella americana	3
Burkholderiales	3
Spiroplasma melliferum	3
Rhodovulum	3
Streptomyces coelicolor	3
[Eubacterium] infirmum	3
Bacillus clausii	3
Pseudomonas stutzeri	3
Methanobacterium	3
Klebsiella sp.	3
Enterobacter asburiae	3
Anaplasma marginale	3
Chlamydia psittaci	3
Mycobacterium ulcerans	3
Prevotella bryantii	3
Microbacterium hominis	3
Shewanella oneidensis	3
Actinomyces oris	3
Sphingobacteriaceae	3
Sphingomonadales	3
Sporobacter	3
Cellulomonas fimi	3
Ralstonia solanacearum	3
Anaerotruncus	3
Oscillospira	3
Rhodococcus rhodnii	3
Methylococcales	3
Neisseria mucosa	3
[Eubacterium] dolichum	3
Syntrophus	3
Roseburia intestinalis	3
Clostridium histolyticum	3
Lactobacillus casei DN-114001	3
Erwinia sp.	3
Pseudonocardia	3
Aquificae	3
Citrobacter koseri	3
Pedobacter glucosidilyticus	3
Frischella perrara	3
Bifidobacterium thermophilum	3
Caloramator	3
Butyrivibrio	3
Dyadobacter	3
Variovorax	3
Candidatus Methanomethylophilus	3
[Pasteurella] pneumotropica	3
Ruminococcus albus	3
Rickettsia prowazekii	3
Campylobacter lari	3
Helicobacter suis	3
Campylobacter upsaliensis	3
Staphylococcus warneri	3
Burkholderiaceae	3
Propionibacterium avidum	3
Cyanobium parvum	3
Halobacteriaceae	2
Actinobacillus pleuropneumoniae	2
Fusobacterium equinum	2
Thermococcales	2
Sinorhizobium	2
Methanococcales	2
Riemerella	2
Snodgrassella alvi	2
Lawsonia	2
Methylobacterium extorquens PA1	2
Mycobacterium tuberculosis complex	2
Candidatus Blastococcus massiliensis	2
Vibrio alginolyticus	2
Flaviramulus ichthyoenteri	2
Epsilonproteobacteria	2
Prevotella bergensis	2
Streptococcus viridans	2
Moraxella nonliquefaciens	2
Actinomyces graevenitzii	2
Agrococcus terreus	2
Porphyromonas levii	2
Buchnera aphidicola	2
Salmonella enterica subsp. enterica serovar Paratyphi A	2
Aneurinibacillus	2
Bathyarchaeota	2
Romboutsia lituseburensis	2
Bacillus amyloliquefaciens	2
Blautia producta	2
unclassified Lachnospiraceae	2
Roseburia inulinivorans	2
Methanopyrus kandleri	2
Alistipes finegoldii	2
Inmirania thermothiophila	2
Bacillus halodurans	2
Gluconacetobacter diazotrophicus	2
Dehalococcoides	2
Methanomicrobium	2
Vibrio mediterranei	2
Halothermothrix orenii	2
Cytophagales	2
Candidatus Blochmannia	2
Veillonella atypica	2
Zymomonas mobilis	2
Streptococcus dysgalactiae	2
Syntrophobacteraceae	2
Pelotomaculum thermopropionicum	2
Propionivibrio militaris	2
Rickettsia felis	2
Methanothermobacter thermautotrophicus	2
Catenuloplanes crispus	2
Lactobacillus acidipiscis KCTC 13900	2
Coprococcus eutactus	2
Pseudomonas monteilii	2
Candidatus Methanomethylophilus alvus	2
Thermoanaerobacterales	2
Brevibacillus	2
Sodalis	2
Rhodopseudomonas	2
Peptococcus	2
[Eubacterium] siraeum	2
Methanomicrobia	2
Anaerofilum	2
Campylobacter curvus	2
Arthrospira platensis	2
Lactobacillus rhamnosus Lc 705	2
Lactobacillus zeae	2
Chromobacterium	2
Klebsiella variicola	2
Mycoplasma pulmonis	2
Staphylococcaceae	2
Phaeobacter gallaeciensis	2
Proteus sp.	2
Gluconobacter	2
Clostridium cellulovorans	2
Escherichia coli str. K-12 substr. MG1655	2
[Eubacterium] hallii	2
Anaplasma	2
Helicobacter ganmani	2
Edwardsiella tarda	2
Lactobacillus kunkeei	2
Pseudomonas xanthomarina	2
Acinetobacter calcoaceticus	2
Anaerococcus	2
Oenococcus	2
Carnobacterium	2
Porphyromonas endodontalis	2
Spiroplasma apis	2
Ochrobactrum intermedium	2
Pedobacter agri	2
Myroides	2
Poribacteria	2
Chitinophaga pinensis	2
Deferribacter desulfuricans	2
Methanomicrobium mobile	2
Deinococcus	2
Campylobacter fetus	2
Renibacterium salmoninarum	2
Streptococcus infantis	2
Oscillospiraceae	2
Enterobacter massiliensis	2
Beijerinckia	2
Pseudomonas alcaligenes	2
Mycobacterium avium-intracellulare	2
Dechloromonas	2
Streptomyces saprophyticus	2
Paludisphaera borealis	2
Lysobacter enzymogenes	2
Anaerobaculum	2
Geobacillus stearothermophilus	2
Streptococcus constellatus	2
Providencia stuartii	2
Caldiserica	2
Petrotoga mobilis	2
Leptospirillum	2
Prevotella ruminicola 23	2
Candidatus Portiera	2
Bifidobacterium boum	2
Methanosarcina mazei	2
Deinococcus radiodurans	2
Mobilicoccus	2
Mycoplasmataceae	2
Porphyromonas catoniae	2
Shewanella algae	2
Gilliamella	2
Clostridium baratii	2
Streptococcus infantarius	2
Rothia dentocariosa	2
Ruminococcus champanellensis	2
Erysipelothrix rhusiopathiae	2
Vibrio mimicus	2
Serratia liquefaciens	2
Bacillus pseudofirmus	2
Phenylobacterium zucineum	2
Turicibacter sanguinis	2
Prochlorococcus	2
Clostridium sardiniense	2
Streptococcus pseudopneumoniae	2
Lactobacillus buchneri	2
Christensenellaceae	2
Ruminococcus lactaris	2
Clostridium paraputrificum	2
Prevotella histicola	2
Microbacteriaceae	2
Alteromonadales	2
Morganella morganii	2
Sharpea	2
Candidatus Blochmannia floridanus	2
Mycobacterium africanum	2
Lactobacillus plantarum WCFS1	2
Methanosarcinaceae	2
Hallella	2
Delftia acidovorans	2
Methanobrevibacter ruminantium	2
Thermoprotei	2
Erysipelotrichales	2
Microbacterium oxydans	2
Aeromonas caviae	2
Candidatus Rickettsia amblyommii	2
Paenibacillaceae	2
Listeria ivanovii	2
Enterococcus sp.	2
[Clostridium] spiroforme	2
Chryseobacterium	2
Pseudomonas marginata	2
Xylella fastidiosa	2
Flavobacteriales	2
Bacillus polyfermenticus	2
Pseudomonas oryzae	2
Oribacterium	2
Enterococcus dispar	2
Allochromatium minutissimum	2
Alistipes senegalensis	2
Cellulosimicrobium cellulans	2
Streptococcus lutetiensis	2
Nocardia otitidiscaviarum	2
Aneurinibacillus soli	2
Smithella	2
Oenococcus oeni	2
Streptomyces aureofaciens	2
Agromyces flavus	2
Carnobacterium maltaromaticum	2
Aerococcus viridans	2
Bacteroides thetaiotaomicron VPI-5482	2
Methanoculleus bourgensis	2
Mobiluncus sp.	2
Geobacteraceae	2
Escherichia fergusonii	2
Campylobacterales	2
Aerococcus	2
Peptostreptococcus anaerobius	2
Bifidobacteriales	2
Campylobacter ureolyticus	2
Alcaligenaceae	2
Dolosigranulum	2
Bacteroides ovatus ATCC 8483	2
Carnobacterium divergens	2
Thermoanaerobacterium thermosaccharolyticum	2
Sphingomonas leidyi	2
Afipia	2
Synergistales	2
Stella	2
Corynebacterium pseudotuberculosis	2
Chlamydophila caviae	2
Sinorhizobium meliloti	2
Trabulsiella guamensis	2
Fusobacteriales	2
Azospirillum brasilense	2
Candidatus Saccharibacteria	2
Aggregatibacter segnis	2
Candidatus Hamiltonella	2
Propionibacterium propionicum	2
Chromatium okenii	2
Teredinibacter turnerae	2
Thermotoga neapolitana	2
[Clostridium] cocleatum	2
Mannheimia	2
Lactobacillus salivarius UCC118	2
Robinsoniella	2
Enterobacter hormaechei	2
Curtobacterium citreum	2
Candidatus Phaeomarinobacter ectocarpi	2
Undibacterium	2
Prevotella buccae	2
Bartonella henselae	2
[Clostridium] stercorarium	2
Aquifex aeolicus	2
Paenibacillus larvae	2
Neisseria lactamica	2
Xanthomonadales	2
Burkholderia thailandensis	2
Thermodesulfobacteria	2
Treponema brennaborense	2
Oceanobacillus iheyensis	2
Johnsonella ignava	2
Azospirillum	2
Pedobacter heparinus	2
[Clostridium] clariflavum	2
Azotobacter	2
Coriobacteriales	2
Pseudomonas plecoglossicida	2
Shigella boydii	2
Actinomycetaceae	2
Defluviicoccus	2
Francisella	2
Butyricicoccus	2
Lactobacillus vaginalis	2
Fusobacteria	2
Corynebacterium minutissimum	2
Weissella viridescens	2
Aeromonas salmonicida	2
Pseudomonas panacis	2
Prevotella sp.	2
Francisella philomiragia	2
[Pseudomonas] pictorum	2
Treponema caldarium	2
Arthrobacter	2
Butyricicoccus pullicaecorum	2
Capnocytophaga sputigena	2
Eikenella	2
[Clostridium] celerecrescens	2
Ureaplasma parvum	2
Thermodesulfovibrio yellowstonii	2
Vibrio cholerae O1	2
Leucobacter zeae	2
Mesorhizobium	2
Promicromonospora citrea	2
Mycobacteriaceae	2
Enterococcus gallinarum	2
Prochlorococcus marinus	1
Rhodothalassium salexigens	1
Methanospirillum	1
Dickeya	1
Methanolinea	1
Excellospora japonica	1
Streptomyces bingchenggensis	1
Dichelobacter nodosus	1
Streptococcus thermophilus LMD-9	1
Corynebacterium accolens	1
Staphylococcus sp.	1
Sphingomonas paucimobilis	1
Pseudomonas fluorescens F113	1
Desulfofustis glycolicus	1
Thiothrix	1
Gemella sanguinis	1
Burkholderiales bacterium 1_1_47	1
Mycoplasma parvum	1
Candidatus Methanoplasma	1
Actinobaculum	1
Methanobacterium beijingense	1
Bergeyella	1
Thiococcus pfennigii	1
Myxococcus xanthus	1
Coprococcus catus	1
Acetobacter lambici	1
Parabacteroides merdae	1
Syntrophobacter	1
Symploca hydnoides	1
Anaerostipes	1
Candidatus Planktothricoides niger	1
Fretibacterium fastidiosum	1
Pelomonas	1
Borrelia theileri	1
Streptococcus cristatus	1
Mahella australiensis	1
Mycoplasma haemomuris	1
Cellulosimicrobium funkei	1
Acinetobacter soli	1
Paenibacillus dendritiformis	1
Peptoniphilus	1
Achromobacter insolitus	1
Peptococcaceae	1
Desulfofaba hansenii	1
Bacillus subtillis	1
Aeromonas sobria	1
Nesterenkonia flava	1
Gilvimarinus chinensis	1
Sneathia sanguinegens	1
Pyrococcus	1
Thermobifida	1
Salmonella enterica subsp. enterica serovar Abortus	1
Empedobacter falsenii	1
Bradyrhizobiaceae	1
Streptococcus australis	1
Succinatimonas	1
Thiobacillus denitrificans	1
Campylobacter gracilis	1
Pseudomonas putida BIRD-1	1
Heliobacillus mobilis	1
Desulfococcus oleovorans	1
Ochrobactrum anthropi	1
Gordonibacter	1
Streptococcus equi	1
Mesoplasma florum	1
Cellulosilyticum ruminicola	1
Bifidobacterium subtile	1
Borrelia persica	1
[Clostridium] saccharogumia	1
Candidatus Bartonella thailandensis	1
Mycoplasma gallisepticum	1
Mycobacterium indicus pranii	1
Cytophaga hutchinsonii	1
[Clostridium] polysaccharolyticum	1
Bifidobacterium bifidum BGN4	1
Achromobacter piechaudii	1
Prosthecobacter fusiformis	1
Lysobacter gummosus	1
Geobacillus thermoleovorans	1
Bacteroides xylanolyticus	1
Brevundimonas diminuta	1
[Clostridium] methylpentosum	1
Craurococcus	1
Nocardioides jensenii	1
Ruminococcus callidus	1
Capnocytophaga ochracea	1
Halochromatium glycolicum	1
Pedobacter	1
Lactobacillus kefiri	1
Nostoc	1
Alistipes obesi	1
Pseudomonas protegens	1
Xylella	1
Eubacterium barkeri	1
Sulfurospirillum	1
unclassified Neisseriaceae	1
Lewinella	1
Commensalibacter intestini	1
Hespellia stercorisuis	1
Enterobacter ludwigii	1
Lachnoanaerobaculum saburreum	1
Fusicatenibacter saccharivorans	1
Peptoniphilus gorbachii	1
Thermacetogenium	1
Aerococcaceae	1
Succinivibrio dextrinosolvens	1
Mobiluncus mulieris	1
Alcaligenes faecalis	1
unclassified Enterobacteriaceae	1
Bacillus cereus group	1
Neisseria flavescens	1
Zymomonas	1
Sporacetigenium	1
Bacillus endophyticus	1
Lyngbya	1
Methanothermobacter	1
Propionibacteriales	1
Rhizobium leguminosarum	1
Aeromonadaceae	1
Aliivibrio	1
Clostridium ljungdahlii	1
Dysgonomonas	1
Flavobacterium spartansii	1
Devriesea	1
Actinotalea fermentans	1
Hafnia	1
Calothrix	1
Helicobacter canadensis	1
Sphingobium yanoikuyae	1
Salmonella enterica subsp. enterica serovar Saintpaul	1
Streptococcus suis BM407	1
Dehalococcoides mccartyi 195	1
Proteocatella	1
Clostridium putrefaciens	1
Necropsobacter massiliensis	1
Cardiobacterium	1
Sulfitobacter	1
Ferroplasma	1
Methanogenium	1
Pelotomaculum	1
Vibrio coralliilyticus	1
Pseudonocardia asaccharolytica	1
Pseudoflavonifractor capillosus	1
Treponema lecithinolyticum	1
Actinomycetospora	1
Trabulsiella odontotermitis	1
Pseudoramibacter	1
Pseudoramibacter alactolyticus	1
Desulfurococcus fermentans	1
Lactococcus lactis subsp. cremoris	1
Aquimarina	1
Streptomycetales	1
Alloscardovia	1
Acetivibrio	1
Bacteroides massiliensis	1
Enterococcus faecalis OG1RF	1
Synergistia	1
Planomicrobium glaciei	1
Zobellia	1
Leptospira borgpetersenii	1
Corynebacterium urealyticum	1
Aerococcus urinae	1
Bifidobacterium actinocoloniiforme	1
Inquilinus limosus	1
Komagataeibacter	1
Anabaena	1
Larkinella	1
Arcobacter cryaerophilus	1
Burkholderia phytofirmans	1
Microbacterium paraoxydans	1
Gracilibacteria	1
Escherichia coli O26	1
Kingella	1
Mesorhizobium amorphae	1
Sporobacter termitidis	1
Bartonella vinsonii	1
Geobacillus	1
Oscillibacter valericigenes	1
Prevotella salivae	1
Bacteroides heparinolyticus	1
Treponema paraluiscuniculi	1
Methanomassiliicoccus luminyensis B10	1
Syntrophomonas wolfei	1
bacterium A4	1
Aeromonas sp.	1
Prevotella saccharolytica	1
Acetomicrobium faecale	1
Lactobacillus amylovorus	1
unclassified Porphyromonadaceae	1
Lapillicoccus	1
Halothiobacillus neapolitanus	1
Ochrobactrum grignonense	1
Synergistes	1
Scardovia	1
Zobellia galactanivorans	1
Novosphingobium capsulatum	1
Desulfitobacterium dehalogenans	1
Methanosaeta harundinacea	1
Photorhabdus	1
Budvicia	1
Desulfotomaculum carboxydivorans	1
Pelistega	1
Acetobacter aceti	1
[Haemophilus] parasuis	1
Marichromatium purpuratum	1
Marivirga	1
Brachyspira pilosicoli	1
Deferribacteres	1
Sphaerochaeta coccoides	1
Candidatus Desulforudis audaxviator	1
Prevotella amnii	1
Prevotella micans	1
Kineosporia rhizophila	1
Lachnoanaerobaculum umeaense	1
Synechocystis sp.	1
Caldicoprobacter oshimai	1
Corynebacterium jeikeium	1
Pseudoalteromonas undina	1
Weissella kandleri	1
Mycoplasma haemocanis	1
Methanobrevibacter ruminantium M1	1
Thermoanaerobacterium	1
Vibrio fluvialis	1
Providencia rettgeri	1
Parasutterella excrementihominis	1
Brevibacterium avium	1
Halorhodospira halophila	1
Vibrio splendidus	1
Bacillus altitudinis	1
Belliella	1
Mycoplasma haemofelis	1
Thorsellia	1
Roseomonas	1
Thioalkalivibrio	1
Leptospira interrogans	1
Marvinbryantia formatexigens	1
Arthrobacter globiformis	1
Curtobacterium	1
Paucisalibacillus	1
Myroides odoratimimus	1
Oscillatoria sp.	1
Prevotella maculosa	1
Arthrobacter arilaitensis	1
Sinorhizobium meliloti 1021	1
Promicromonospora sukumoe	1
Micromonospora globosa	1
Nonomuraea africana	1
Thermobacillus	1
Salmonella enterica subsp. enterica serovar Paratyphi B	1
Staphylococcus microti	1
Mycobacterium frederiksbergense	1
Orientia	1
Marinomonas	1
Lactobacillus oris	1
Alteromonadaceae	1
Gallibacterium anatis	1
Shewanella loihica	1
Micrococcus lylae	1
Desulfobulbus	1
Rhodopirellula	1
Borrelia duttonii	1
Spiroplasma	1
Alistipes putredinis	1
insertion sequences	1
Lactobacillus reuteri SD2112	1
Acinetobacter johnsonii	1
Mitsuokella jalaludinii	1
Aggregatibacter aphrophilus	1
Flavobacterium branchiophilum	1
Enterococcus cecorum	1
Rhodopseudomonas palustris	1
Chromatiaceae	1
Eubacterium sp.	1
Azoarcus communis	1
Lysinibacillus	1
Asaccharospora irregularis	1
Asaia bogorensis	1
Pseudomonas aeruginosa PAO1	1
Chloroflexus aurantiacus	1
Thermotoga	1
Sorangium cellulosum	1
Streptococcus macedonicus	1
Methanocaldococcus jannaschii	1
Neorickettsia	1
Corynebacterium pseudodiphtheriticum	1
Helicobacter heilmannii	1
Nitrospiraceae	1
Thermoactinomycetaceae	1
Rhodocyclaceae	1
Solobacterium	1
[Clostridium] lactatifermentans	1
Roseiflexus	1
Paracoccus denitrificans	1
Flavobacterium rivuli	1
Wigglesworthia glossinidia	1
Clostridium islandicum	1
Oligella ureolytica	1
Corynebacterium lipophiloflavum	1
Sarcina ventriculi	1
Citrobacter farmeri	1
Anaerobiospirillum	1
Alistipes shahii	1
Desulfovibrio fairfieldensis	1
Escherichia coli NC101	1
unclassified Pasteurellaceae	1
Pyramidobacter piscolens	1
Prosthecochloris	1
Sporosarcina luteola	1
Neisseria subflava	1
Pseudomonas orientalis	1
Phaeobacter	1
Neisseria polysaccharea	1
Bifidobacterium bifidum CECT 7366	1
Streptococcus alactolyticus	1
Butyrivibrio proteoclasticus	1
Thermoanaerobacter	1
[Clostridium] aminophilum	1
Collinsella intestinalis	1
unclassified Alphaproteobacteria	1
Staphylococcus carnosus	1
Lactobacillus coryniformis	1
Asaia platycodi	1
Cytophaga	1
Borrelia hermsii	1
[Pseudomonas] hibiscicola	1
Taylorella equigenitalis	1
Alcanivorax	1
Paraglaciecola mesophila	1
Lactobacillus casei ATCC 334	1
Roseburia faecis	1
Candidatus Cyrtobacter comes	1
Escherichia coli str. K-12 substr. DH10B	1
Leptolyngbya	1
Pseudomonas luteola	1
Sneathia amnii	1
Arcobacter suis	1
Prevotella stercorea	1
Oligella urethralis	1
Acetobacterium	1
Enhydrobacter	1
Brevibacterium	1
Gordonibacter pamelaeae	1
Taylorella	1
Methanococcus aeolicus	1
Methanosarcina acetivorans	1
Aeropyrum pernix	1
Bifidobacterium kashiwanohense	1
Candidatus Rhizobium massiliae	1
Rickettsia rickettsii	1
Corynebacterium matruchotii	1
Sorangiineae	1
Lactobacillus rhamnosus LOCK900	1
Bacillus megaterium	1
Lysinibacillus sphaericus	1
Nocardia	1
Granulibacter bethesdensis	1
Arthrobacter sp.	1
Francisella tularensis subsp. novicida	1
unclassified Thermoplasmatales	1
Myroides odoratus	1
Streptococcus uberis 0140J	1
Lachnospira pectinoschiza	1
Helicobacter pullorum	1
Listeria grayi	1
Burkholderia mallei	1
Bdellovibrio bacteriovorus HD100	1
Escherichia coli BL21	1
Slackia	1
Citrobacter murliniae	1
Pectobacterium carotovorum subsp. carotovorum	1
Flavobacterium johnsoniae	1
Citromicrobium bathyomarinum	1
Borrelia garinii	1
Paracoccus yeei	1
Chryseobacterium indologenes	1
Carnobacterium mobile	1
Victivallis vadensis	1
Acinetobacter pittii	1
Acinetobacter baylyi	1
Pseudomonas bauzanensis	1
Methanobrevibacter smithii ATCC 35061	1
Intestinibacter bartlettii	1
Nitrososphaera	1
Laribacter hongkongensis	1
[Clostridium] saccharolyticum	1
Microbacterium sediminis	1
Corynebacterium ammoniagenes DSM 20306	1
Papillibacter	1
Arthrobacter nicotianae	1
Leuconostocaceae	1
Ruminiclostridium thermocellum ATCC 27405	1
Mycobacterium kansasii	1
Chlorobi	1
Lactobacillus alimentarius	1
Desulfobacteraceae	1
Bacillus flexus	1
Photorhabdus temperata	1
Serratia plymuthica	1
Oligella	1
Streptococcus vestibularis	1
Candidatus Cloacimonas acidaminovorans	1
segmented filamentous bacterium	1
Oxalobacteraceae	1
Treponema pectinovorum	1
Methanobrevibacter thaueri	1
Haemophilus sp.	1
Flexibacter	1
Aeromonas jandaei	1
Fructobacillus	1
Acidovorax avenae	1
Bartonella quintana	1
Kluyvera	1
Actinoplanes	1
Corynebacteriaceae	1
Streptomyces achromogenes	1
Chlamydophila felis	1
Sphingomonas sp.	1
Catonella morbi	1
Desulfovibrio giganteus	1
Capnocytophaga sp.	1
Veillonella parvula DSM 2008	1
Rhodanobacter denitrificans	1
Bacteroides coprocola	1
Fervidicoccus	1
Paludibacter	1
Salmonella enterica subsp. enterica serovar Dublin	1
Alteromonas addita	1
Staphylococcus hyicus	1
Butyricimonas	1
Arthrobacter bergerei	1
Methylobacterium radiotolerans	1
Cellulomonas denverensis	1
Borrelia microti	1
Curtobacterium flaccumfaciens	1
Kocuria	1
Cloacibacillus	1
Geobacillus thermodenitrificans	1
Burkholderia gladioli	1
[Clostridium] bolteae	1
[Pseudomonas] geniculata	1
Leuconostoc mesenteroides subsp. cremoris	1
[Clostridium] piliforme	1
Chitinophagaceae	1
Pedosphaera parvula Ellin514	1
Treponema putidum	1
Spirochaetaceae	1
Reichenowia	1
Prevotella denticola	1
Cytophagia	1
Staphylococcus sciuri	1
Clostridium perfringens ATCC 13124	1
Methylophilaceae	1
Morganella	1
Staphylococcus haemolyticus	1
Akkermansiaceae	1
Carnobacterium viridans	1
Geothrix fermentans	1
Thermobifida fusca	1
Lactobacillus paraplantarum	1
Lachnospiraceae bacterium A4	1
Sporomusa	1
Actinotignum schaalii	1
[Clostridium] thermosuccinogenes	1
Nitrosovibrio	1
Campylobacter mucosalis	1
Cellulomonas gelida	1
Eubacterium coprostanoligenes	1
Shewanella amazonensis	1
Amycolatopsis mediterranei U32	1
Alcanivorax borkumensis	1
Delftia	1
Verrucomicrobiae	1
Lactobacillus graminis	1
Bacteroides eggerthii	1
Beggiatoa	1
Achromobacter denitrificans	1
Saccharofermentans	1
Bacillus atrophaeus	1
Gemmiger	1
Blautia stercoris	1
[Eubacterium] yurii	1
Phyllobacteriaceae	1
Anaerolineae	1
Verminephrobacter aporrectodeae	1
Acidothermus	1
Coxiella	1
Thermanaerovibrio acidaminovorans	1
Weissella paramesenteroides	1
Methanobrevibacter woesei	1
Synergistaceae	1
Bacillaceae	1
unclassified Veillonellaceae	1
Brucella suis	1
Helicobacter canis	1
Mobiluncus curtisii	1
Escherichia coli OP50	1
Brevibacillus brevis	1
Geofilum rubicundum	1
Treponema socranskii	1
Cellvibrio	1
Ralstonia sp.	1
Flavobacterium lindanitolerans	1
Peptoniphilus indolicus	1
Methanobacteria	1
Brucella melitensis	1
Actinomyces naeslundii MG1	1
Mycoplasma synoviae	1
Pseudomonas lutea	1
Bacteroides sartorii	1
Cellulophaga lytica	1
Methanococci	1
Streptococcus sinensis	1
Thermotoga petrophila	1
Saccharibacillus sacchari	1
Staphylococcus xylosus	1
Helicobacter felis	1
Actinomyces israelii	1
Alistipes indistinctus	1
Acidobacteriaceae	1
Rhodococcus jostii	1
Meiothermus ruber	1
Raoultella	1
Sphingomonas wittichii RW1	1
Hyphomicrobium vulgare	1
Brucella ovis	1
Roseobacter	1
Pasteurella	1
Heliobacterium chlorum	1
Ehrlichia chaffeensis	1
Marinomonas posidonica	1
Convivina intestini	1
Aestuariimicrobium	1
Parasutterella	1
Escherichia albertii	1
Actinomyces odontolyticus	1
Caldicellulosiruptor bescii	1
Methanobacteriaceae	1
Streptomyces plicatus	1
Senegalimassilia anaerobia	1
Rhodoplanes oryzae	1
Anaerovorax	1
Undibacterium parvum	1
Leptospira interrogans serovar Lai	1
Nocardiopsis flavescens	1
Nanoarchaeum	1
Parvibaculum lavamentivorans	1
Chryseomicrobium amylolyticum	1
Exiguobacterium indicum	1
Methanopyrales	1
Thiobacillus	1
Hespellia porcina	1
Thermoanaerobacter ethanolicus	1
Abiotrophia para-adiacens	1
Actinomyces meyeri	1
Anaplasma phagocytophilum	1
Ruminococcus sp.	1
Flavobacteriaceae bacterium 3519-10	1
Desulfuromonadaceae	1
[Clostridium] asparagiforme	1
Fibrobacter succinogenes subsp. succinogenes S85	1
Lactobacillus ingluviei	1
Bacillus acidopullulyticus	1
Lactobacillus casei BL23	1
Grimontia hollisae	1
Mycobacterium sp.	1
Corynebacterium ulcerans	1
Trabulsiella	1
Intrasporangiaceae	1
Microbacterium maritypicum	1
[Clostridium] hiranonis	1
Escherichia coli LF82	1
Kurthia gibsonii	1
Syntrophaceae	1
Micrococcus flavus	1
Rahnella	1
Dyella ginsengisoli	1
Verrucomicrobia subdivision 3	1
Anoxybacillus ayderensis	1
Sphingobacteriia	1
Prevotella disiens	1
Hyphomicrobium	1
Shuttleworthia	1
Bacteroides finegoldii	1
Prevotella salivae DSM 15606	1
Francisella noatunensis	1
[Clostridium] hylemonae	1
Chlamydia gallinacea	1
Xanthomonas axonopodis	1
Methylobacterium extorquens AM1	1
Agromyces	1
Shigella flexneri 2a	1
Dyadobacter fermentans	1
Salmonella enterica subsp. arizonae	1
Oceanospirillales	1
Thiothrix nivea	1
Gemella morbillorum	1
Spirulina	1
Rikenella	1
Thiovirga sulfuroxydans	1
Vibrio owensii	1
Pseudomonas protegens Pf-5	1
[Clostridium] viride	1
Lactobacillus salivarius CECT 5713	1
Thermothrix thiopara	1
Bacillus indicus	1
Anaerobiospirillum succiniciproducens	1
Pseudoalteromonas	1
Asteroleplasma	1
Chromohalobacter japonicus	1
Streptococcus mitis B6	1
Elusimicrobia	1
Microbacterium testaceum	1
Leptospirillum ferrodiazotrophum	1
Thiobacillus plumbophilus	1
Dermatophilus congolensis	1
Erwinia aphidicola	1
Rickettsia parkeri	1
Candidatus Pelagibacter ubique	1
Cronobacter muytjensii	1
Staphylococcus pasteuri	1
Gaetbulibacter saemankumensis	1
Enterococcus lactis	1
Enterococcus casseliflavus EC20	1
[Clostridium] bifermentans	1
Treponema succinifaciens	1
Desulfomicrobium orale	1
Propionibacterium acidifaciens	1
Marine Group III	1
Gluconacetobacter	1
Desulfarculus baarsii	1
Chlamydia avium	1
Arenibacter	1
Caldalkalibacillus thermarum	1
Auritidibacter	1
Moraxella osloensis	1
Treponema saccharophilum	1
Fusibacter	1
Anaplasma centrale	1
Bifidobacterium angulatum	1
Chlorobiales	1
Candidatus Arthromitus	1
Bartonella doshiae	1
Blautia obeum	1
Pseudoalteromonas haloplanktis TAC125	1
Candidatus Protochlamydia amoebophila	1
Nesterenkonia	1
unclassified Erysipelotrichaceae	1
Vibrio furnissii	1
Collinsella tanakaei	1
Kocuria rhizophila	1
Fusobacterium mortiferum	1
Anaerolineaceae	1
Verminephrobacter eiseniae	1
Cenarchaeum symbiosum	1
Bacillus vallismortis	1
Pelistega europaea	1
Sphingobium japonicum UT26S	1
Amycolatopsis orientalis	1
Microbacterium arborescens	1
Wolinella succinogenes	1
Streptococcus sanguinis SK36	1
ant endosymbionts	1
Heliobacterium gestii	1
Atopostipes	1
Ignicoccus	1
Raoultella terrigena	1
Clostridium sporogenes	1
Dickeya dadantii	1
Lacinutrix	1
Actinomyces cardiffensis	1
Sinorhizobium fredii	1
Pediococcus parvulus	1
Chryseobacterium aahli	1
Desulfomicrobium baculatum	1
Pelobacter carbinolicus	1
Desulfomicrobium	1
Melissococcus	1
Methanosarcina barkeri str. Fusaro	1
Anaerococcus prevotii	1
Methylotenera	1
Prevotella oralis	1
Acinetobacter haemolyticus	1
Bacteroides reticulotermitis	1
Oxalobacter	1
Streptococcus pasteuri	1
Anaerotruncus colihominis	1
Methanocorpusculaceae	1
[Brevibacterium] frigoritolerans	1
[Eubacterium] eligens	1
Chlorobaculum tepidum	1
Terribacillus aidingensis	1
Microbacterium imperiale	1
Methylobacterium fujisawaense	1
Actinomyces georgiae	1
Aminobacter aminovorans	1
Klebsiella pneumoniae subsp. ozaenae	1
Thiobacter	1
Bartonella birtlesii	1
Sedimentibacter	1
Pilibacter	1
Chlamydiia	1
Thermodesulfovibrio	1
Nitrosomonadaceae	1
Treponema vincentii	1
Methanobacterium formicicum	1
Serratia entomophila	1
bacterium UASB270	1
Thermotoga maritima	1
Mycobacterium avium complex	1
[Clostridium] symbiosum	1
Aminobacterium colombiense	1
Legionella drancourtii	1
Staphylococcus simulans	1
Actinosynnema mirum	1
Paraprevotella	1
Streptomyces candidus	1
Propionibacterium cyclohexanicum	1
Micromonospora aurantiaca	1
Corynebacterium striatum	1
Micrococcales	1
Vibrio lentus	1
Enterococcus asini	1
Kocuria rosea	1
Brachyspira hampsonii	1
Acidaminobacter	1
Methyloversatilis	1
Myxococcus	1
Mycoplasmatales	1
Camelimonas abortus	1
Lyngbya majuscula	1
Lactobacillus coleohominis	1
Piscirickettsia	1
Mycobacterium canettii	1
Devosia	1
Kocuria kristinae	1
Parasaccharibacter	1
Prevotella marshii	1
Peptoclostridium	1
Novosphingobium aromaticivorans DSM 12444	1
Streptacidiphilus griseus	1
Rickettsia sibirica	1
Piscirickettsia salmonis	1
Escherichia coli K-12	1
Actinoplanes utahensis	1
Staphylococcus succinus	1
Rummeliibacillus	1
Staphylococcus hominis	1
Burkholderia kururiensis	1
Epulopiscium sp.	1
Pseudoalteromonas piscicida	1
Atopobium rimae	1
Cellulomonas fimi ATCC 484	1
Geobacter sp.	1
Cellvibrio japonicus	1
Pyxidicoccus fallax	1
Lachnobacterium	1
Streptomyces roseofulvus	1
Bacteroides plebeius	1
Arcanobacterium haemolyticum	1
Bradyrhizobium sp.	1
Weissella fabaria	1
Micrococcus sp.	1
Anaerovibrio	1
Holdemania	1
Oleispira antarctica	1
Pseudomonas brassicacearum	1
Corynebacterium ammoniagenes	1
Nitrospira sp.	1
Lactobacillus paralimentarius	1
[Clostridium] sporosphaeroides	1
Erwinia pyrifoliae	1
Bacillus halosaccharovorans	1
Burkholderia vietnamiensis	1
Frankiales	1
Bacillus sonorensis	1
Lactobacillus dextrinicus	1
Ehrlichia canis	1
Parabacteroides goldsteinii	1
Acidaminococcaceae	1
Candidatus Procabacter acanthamoebae	1
Arthrospira maxima	1
Planomicrobium okeanokoites	1
Thermoplasmata	1
Erysipelothrix	1
Olsenella uli	1
Labrenzia	1